ocdid,levels,recursive,roles,fields
ocd-division/country:us/state:al/sldu:1,,,,
ocd-division/country:us/state:al/sldu:2,,,,
ocd-division/country:us/state:al/sldu:3,,,,
ocd-division/country:us/state:al/sldu:4,,,,
ocd-division/country:us/state:al/sldu:5,,,,
ocd-division/country:us/state:al/sldu:6,,,,
ocd-division/country:us/state:al/sldu:7,,,,
ocd-division/country:us/state:al/sldu:8,,,,
ocd-division/country:us/state:al/sldu:9,,,,
ocd-division/country:us/state:al/sldu:10,,,,
ocd-division/country:us/state:al/sldu:11,,,,
ocd-division/country:us/state:al/sldu:12,,,,
ocd-division/country:us/state:al/sldu:13,,,,
ocd-division/country:us/state:al/sldu:14,,,,
ocd-division/country:us/state:al/sldu:15,,,,
ocd-division/country:us/state:al/sldu:16
ocd-division/country:us/state:al/sldu:17
ocd-division/country:us/state:al/sldu:18
ocd-division/country:us/state:al/sldu:19
ocd-division/country:us/state:al/sldu:20
ocd-division/country:us/state:al/sldu:21
ocd-division/country:us/state:al/sldu:22
ocd-division/country:us/state:al/sldu:23
ocd-division/country:us/state:al/sldu:24
ocd-division/country:us/state:al/sldu:25
ocd-division/country:us/state:al/sldu:26
ocd-division/country:us/state:al/sldu:27
ocd-division/country:us/state:al/sldu:28
ocd-division/country:us/state:al/sldu:29
ocd-division/country:us/state:al/sldu:30
ocd-division/country:us/state:al/sldu:31
ocd-division/country:us/state:al/sldu:32
ocd-division/country:us/state:al/sldu:33
ocd-division/country:us/state:al/sldu:34
ocd-division/country:us/state:al/sldu:35
ocd-division/country:us/state:ak/sldu:a
ocd-division/country:us/state:ak/sldu:b
ocd-division/country:us/state:ak/sldu:c
ocd-division/country:us/state:ak/sldu:d
ocd-division/country:us/state:ak/sldu:e
ocd-division/country:us/state:ak/sldu:f
ocd-division/country:us/state:ak/sldu:g
ocd-division/country:us/state:ak/sldu:h
ocd-division/country:us/state:ak/sldu:i
ocd-division/country:us/state:ak/sldu:j
ocd-division/country:us/state:ak/sldu:k
ocd-division/country:us/state:ak/sldu:l
ocd-division/country:us/state:ak/sldu:m
ocd-division/country:us/state:ak/sldu:n
ocd-division/country:us/state:ak/sldu:o
ocd-division/country:us/state:ak/sldu:p
ocd-division/country:us/state:ak/sldu:q
ocd-division/country:us/state:ak/sldu:r
ocd-division/country:us/state:ak/sldu:s
ocd-division/country:us/state:ak/sldu:t
ocd-division/country:us/state:az/sldu:1,,,legislatorUpperBody
ocd-division/country:us/state:az/sldu:2,,,legislatorUpperBody
ocd-division/country:us/state:az/sldu:3,,,legislatorUpperBody
ocd-division/country:us/state:az/sldu:4,,,legislatorUpperBody
ocd-division/country:us/state:az/sldu:5,,,legislatorUpperBody
ocd-division/country:us/state:az/sldu:6,,,legislatorUpperBody
ocd-division/country:us/state:az/sldu:7,,,legislatorUpperBody
ocd-division/country:us/state:az/sldu:8,,,legislatorUpperBody
ocd-division/country:us/state:az/sldu:9,,,legislatorUpperBody
ocd-division/country:us/state:az/sldu:10,,,legislatorUpperBody
ocd-division/country:us/state:az/sldu:11,,,legislatorUpperBody
ocd-division/country:us/state:az/sldu:12,,,legislatorUpperBody
ocd-division/country:us/state:az/sldu:13,,,legislatorUpperBody
ocd-division/country:us/state:az/sldu:14,,,legislatorUpperBody
ocd-division/country:us/state:az/sldu:15,,,legislatorUpperBody
ocd-division/country:us/state:az/sldu:16,,,legislatorUpperBody
ocd-division/country:us/state:az/sldu:17,,,legislatorUpperBody
ocd-division/country:us/state:az/sldu:18,,,legislatorUpperBody
ocd-division/country:us/state:az/sldu:19,,,legislatorUpperBody
ocd-division/country:us/state:az/sldu:20,,,legislatorUpperBody
ocd-division/country:us/state:az/sldu:21,,,legislatorUpperBody
ocd-division/country:us/state:az/sldu:22,,,legislatorUpperBody
ocd-division/country:us/state:az/sldu:23,,,legislatorUpperBody
ocd-division/country:us/state:az/sldu:24,,,legislatorUpperBody
ocd-division/country:us/state:az/sldu:25,,,legislatorUpperBody
ocd-division/country:us/state:az/sldu:26,,,legislatorUpperBody
ocd-division/country:us/state:az/sldu:27,,,legislatorUpperBody
ocd-division/country:us/state:az/sldu:28,,,legislatorUpperBody
ocd-division/country:us/state:az/sldu:29,,,legislatorUpperBody
ocd-division/country:us/state:az/sldu:30,,,legislatorUpperBody
ocd-division/country:us/state:ar/sldu:1
ocd-division/country:us/state:ar/sldu:2
ocd-division/country:us/state:ar/sldu:3
ocd-division/country:us/state:ar/sldu:4
ocd-division/country:us/state:ar/sldu:5
ocd-division/country:us/state:ar/sldu:6
ocd-division/country:us/state:ar/sldu:7
ocd-division/country:us/state:ar/sldu:8
ocd-division/country:us/state:ar/sldu:9
ocd-division/country:us/state:ar/sldu:10
ocd-division/country:us/state:ar/sldu:11
ocd-division/country:us/state:ar/sldu:12
ocd-division/country:us/state:ar/sldu:13
ocd-division/country:us/state:ar/sldu:14
ocd-division/country:us/state:ar/sldu:15
ocd-division/country:us/state:ar/sldu:16
ocd-division/country:us/state:ar/sldu:17
ocd-division/country:us/state:ar/sldu:18
ocd-division/country:us/state:ar/sldu:19
ocd-division/country:us/state:ar/sldu:20
ocd-division/country:us/state:ar/sldu:21
ocd-division/country:us/state:ar/sldu:22
ocd-division/country:us/state:ar/sldu:23
ocd-division/country:us/state:ar/sldu:24
ocd-division/country:us/state:ar/sldu:25
ocd-division/country:us/state:ar/sldu:26
ocd-division/country:us/state:ar/sldu:27
ocd-division/country:us/state:ar/sldu:28
ocd-division/country:us/state:ar/sldu:29
ocd-division/country:us/state:ar/sldu:30
ocd-division/country:us/state:ar/sldu:31
ocd-division/country:us/state:ar/sldu:32
ocd-division/country:us/state:ar/sldu:33
ocd-division/country:us/state:ar/sldu:34
ocd-division/country:us/state:ar/sldu:35
ocd-division/country:us/state:ca/sldu:1
ocd-division/country:us/state:ca/sldu:2
ocd-division/country:us/state:ca/sldu:3
ocd-division/country:us/state:ca/sldu:4
ocd-division/country:us/state:ca/sldu:5
ocd-division/country:us/state:ca/sldu:6
ocd-division/country:us/state:ca/sldu:7
ocd-division/country:us/state:ca/sldu:8
ocd-division/country:us/state:ca/sldu:9
ocd-division/country:us/state:ca/sldu:10
ocd-division/country:us/state:ca/sldu:11
ocd-division/country:us/state:ca/sldu:12
ocd-division/country:us/state:ca/sldu:13
ocd-division/country:us/state:ca/sldu:14
ocd-division/country:us/state:ca/sldu:15
ocd-division/country:us/state:ca/sldu:16
ocd-division/country:us/state:ca/sldu:17
ocd-division/country:us/state:ca/sldu:18
ocd-division/country:us/state:ca/sldu:19
ocd-division/country:us/state:ca/sldu:20
ocd-division/country:us/state:ca/sldu:21
ocd-division/country:us/state:ca/sldu:22
ocd-division/country:us/state:ca/sldu:23
ocd-division/country:us/state:ca/sldu:24
ocd-division/country:us/state:ca/sldu:25
ocd-division/country:us/state:ca/sldu:26
ocd-division/country:us/state:ca/sldu:27
ocd-division/country:us/state:ca/sldu:28
ocd-division/country:us/state:ca/sldu:29
ocd-division/country:us/state:ca/sldu:30
ocd-division/country:us/state:ca/sldu:31
ocd-division/country:us/state:ca/sldu:32
ocd-division/country:us/state:ca/sldu:33
ocd-division/country:us/state:ca/sldu:34
ocd-division/country:us/state:ca/sldu:35
ocd-division/country:us/state:ca/sldu:36
ocd-division/country:us/state:ca/sldu:37
ocd-division/country:us/state:ca/sldu:38
ocd-division/country:us/state:ca/sldu:39
ocd-division/country:us/state:ca/sldu:40
ocd-division/country:us/state:co/sldu:1
ocd-division/country:us/state:co/sldu:2
ocd-division/country:us/state:co/sldu:3
ocd-division/country:us/state:co/sldu:4
ocd-division/country:us/state:co/sldu:5
ocd-division/country:us/state:co/sldu:6
ocd-division/country:us/state:co/sldu:7
ocd-division/country:us/state:co/sldu:8
ocd-division/country:us/state:co/sldu:9
ocd-division/country:us/state:co/sldu:10
ocd-division/country:us/state:co/sldu:11
ocd-division/country:us/state:co/sldu:12
ocd-division/country:us/state:co/sldu:13
ocd-division/country:us/state:co/sldu:14
ocd-division/country:us/state:co/sldu:15
ocd-division/country:us/state:co/sldu:16
ocd-division/country:us/state:co/sldu:17
ocd-division/country:us/state:co/sldu:18
ocd-division/country:us/state:co/sldu:19
ocd-division/country:us/state:co/sldu:20
ocd-division/country:us/state:co/sldu:21
ocd-division/country:us/state:co/sldu:22
ocd-division/country:us/state:co/sldu:23
ocd-division/country:us/state:co/sldu:24
ocd-division/country:us/state:co/sldu:25
ocd-division/country:us/state:co/sldu:26
ocd-division/country:us/state:co/sldu:27
ocd-division/country:us/state:co/sldu:28
ocd-division/country:us/state:co/sldu:29
ocd-division/country:us/state:co/sldu:30
ocd-division/country:us/state:co/sldu:31
ocd-division/country:us/state:co/sldu:32
ocd-division/country:us/state:co/sldu:33
ocd-division/country:us/state:co/sldu:34
ocd-division/country:us/state:co/sldu:35
ocd-division/country:us/state:ct/sldu:1
ocd-division/country:us/state:ct/sldu:2
ocd-division/country:us/state:ct/sldu:3
ocd-division/country:us/state:ct/sldu:4
ocd-division/country:us/state:ct/sldu:5
ocd-division/country:us/state:ct/sldu:6
ocd-division/country:us/state:ct/sldu:7
ocd-division/country:us/state:ct/sldu:8
ocd-division/country:us/state:ct/sldu:9
ocd-division/country:us/state:ct/sldu:10
ocd-division/country:us/state:ct/sldu:11
ocd-division/country:us/state:ct/sldu:12
ocd-division/country:us/state:ct/sldu:13
ocd-division/country:us/state:ct/sldu:14
ocd-division/country:us/state:ct/sldu:15
ocd-division/country:us/state:ct/sldu:16
ocd-division/country:us/state:ct/sldu:17
ocd-division/country:us/state:ct/sldu:18
ocd-division/country:us/state:ct/sldu:19
ocd-division/country:us/state:ct/sldu:20
ocd-division/country:us/state:ct/sldu:21
ocd-division/country:us/state:ct/sldu:22
ocd-division/country:us/state:ct/sldu:23
ocd-division/country:us/state:ct/sldu:24
ocd-division/country:us/state:ct/sldu:25
ocd-division/country:us/state:ct/sldu:26
ocd-division/country:us/state:ct/sldu:27
ocd-division/country:us/state:ct/sldu:28
ocd-division/country:us/state:ct/sldu:29
ocd-division/country:us/state:ct/sldu:30
ocd-division/country:us/state:ct/sldu:31
ocd-division/country:us/state:ct/sldu:32
ocd-division/country:us/state:ct/sldu:33
ocd-division/country:us/state:ct/sldu:34
ocd-division/country:us/state:ct/sldu:35
ocd-division/country:us/state:ct/sldu:36
ocd-division/country:us/state:de/sldu:1
ocd-division/country:us/state:de/sldu:2
ocd-division/country:us/state:de/sldu:3
ocd-division/country:us/state:de/sldu:4
ocd-division/country:us/state:de/sldu:5
ocd-division/country:us/state:de/sldu:6
ocd-division/country:us/state:de/sldu:7
ocd-division/country:us/state:de/sldu:8
ocd-division/country:us/state:de/sldu:9
ocd-division/country:us/state:de/sldu:10
ocd-division/country:us/state:de/sldu:11
ocd-division/country:us/state:de/sldu:12
ocd-division/country:us/state:de/sldu:13
ocd-division/country:us/state:de/sldu:14
ocd-division/country:us/state:de/sldu:15
ocd-division/country:us/state:de/sldu:16
ocd-division/country:us/state:de/sldu:17
ocd-division/country:us/state:de/sldu:18
ocd-division/country:us/state:de/sldu:19
ocd-division/country:us/state:de/sldu:20
ocd-division/country:us/state:de/sldu:21
ocd-division/country:us/district:dc
ocd-division/country:us/state:fl/sldu:1
ocd-division/country:us/state:fl/sldu:2
ocd-division/country:us/state:fl/sldu:3
ocd-division/country:us/state:fl/sldu:4
ocd-division/country:us/state:fl/sldu:5
ocd-division/country:us/state:fl/sldu:6
ocd-division/country:us/state:fl/sldu:7
ocd-division/country:us/state:fl/sldu:8
ocd-division/country:us/state:fl/sldu:9
ocd-division/country:us/state:fl/sldu:10
ocd-division/country:us/state:fl/sldu:11
ocd-division/country:us/state:fl/sldu:12
ocd-division/country:us/state:fl/sldu:13
ocd-division/country:us/state:fl/sldu:14
ocd-division/country:us/state:fl/sldu:15
ocd-division/country:us/state:fl/sldu:16
ocd-division/country:us/state:fl/sldu:17
ocd-division/country:us/state:fl/sldu:18
ocd-division/country:us/state:fl/sldu:19
ocd-division/country:us/state:fl/sldu:20
ocd-division/country:us/state:fl/sldu:21
ocd-division/country:us/state:fl/sldu:22
ocd-division/country:us/state:fl/sldu:23
ocd-division/country:us/state:fl/sldu:24
ocd-division/country:us/state:fl/sldu:25
ocd-division/country:us/state:fl/sldu:26
ocd-division/country:us/state:fl/sldu:27
ocd-division/country:us/state:fl/sldu:28
ocd-division/country:us/state:fl/sldu:29
ocd-division/country:us/state:fl/sldu:30
ocd-division/country:us/state:fl/sldu:31
ocd-division/country:us/state:fl/sldu:32
ocd-division/country:us/state:fl/sldu:33
ocd-division/country:us/state:fl/sldu:34
ocd-division/country:us/state:fl/sldu:35
ocd-division/country:us/state:fl/sldu:36
ocd-division/country:us/state:fl/sldu:37
ocd-division/country:us/state:fl/sldu:38
ocd-division/country:us/state:fl/sldu:39
ocd-division/country:us/state:fl/sldu:40
ocd-division/country:us/state:ga/sldu:1
ocd-division/country:us/state:ga/sldu:2
ocd-division/country:us/state:ga/sldu:3
ocd-division/country:us/state:ga/sldu:4
ocd-division/country:us/state:ga/sldu:5
ocd-division/country:us/state:ga/sldu:6
ocd-division/country:us/state:ga/sldu:7
ocd-division/country:us/state:ga/sldu:8
ocd-division/country:us/state:ga/sldu:9
ocd-division/country:us/state:ga/sldu:10
ocd-division/country:us/state:ga/sldu:11
ocd-division/country:us/state:ga/sldu:12
ocd-division/country:us/state:ga/sldu:13
ocd-division/country:us/state:ga/sldu:14
ocd-division/country:us/state:ga/sldu:15
ocd-division/country:us/state:ga/sldu:16
ocd-division/country:us/state:ga/sldu:17
ocd-division/country:us/state:ga/sldu:18
ocd-division/country:us/state:ga/sldu:19
ocd-division/country:us/state:ga/sldu:20
ocd-division/country:us/state:ga/sldu:21
ocd-division/country:us/state:ga/sldu:22
ocd-division/country:us/state:ga/sldu:23
ocd-division/country:us/state:ga/sldu:24
ocd-division/country:us/state:ga/sldu:25
ocd-division/country:us/state:ga/sldu:26
ocd-division/country:us/state:ga/sldu:27
ocd-division/country:us/state:ga/sldu:28
ocd-division/country:us/state:ga/sldu:29
ocd-division/country:us/state:ga/sldu:30
ocd-division/country:us/state:ga/sldu:31
ocd-division/country:us/state:ga/sldu:32
ocd-division/country:us/state:ga/sldu:33
ocd-division/country:us/state:ga/sldu:34
ocd-division/country:us/state:ga/sldu:35
ocd-division/country:us/state:ga/sldu:36
ocd-division/country:us/state:ga/sldu:37
ocd-division/country:us/state:ga/sldu:38
ocd-division/country:us/state:ga/sldu:39
ocd-division/country:us/state:ga/sldu:40
ocd-division/country:us/state:ga/sldu:41
ocd-division/country:us/state:ga/sldu:42
ocd-division/country:us/state:ga/sldu:43
ocd-division/country:us/state:ga/sldu:44
ocd-division/country:us/state:ga/sldu:45
ocd-division/country:us/state:ga/sldu:46
ocd-division/country:us/state:ga/sldu:47
ocd-division/country:us/state:ga/sldu:48
ocd-division/country:us/state:ga/sldu:49
ocd-division/country:us/state:ga/sldu:50
ocd-division/country:us/state:ga/sldu:51
ocd-division/country:us/state:ga/sldu:52
ocd-division/country:us/state:ga/sldu:53
ocd-division/country:us/state:ga/sldu:54
ocd-division/country:us/state:ga/sldu:55
ocd-division/country:us/state:ga/sldu:56
ocd-division/country:us/state:hi/sldu:1
ocd-division/country:us/state:hi/sldu:2
ocd-division/country:us/state:hi/sldu:3
ocd-division/country:us/state:hi/sldu:4
ocd-division/country:us/state:hi/sldu:5
ocd-division/country:us/state:hi/sldu:6
ocd-division/country:us/state:hi/sldu:7
ocd-division/country:us/state:hi/sldu:8
ocd-division/country:us/state:hi/sldu:9
ocd-division/country:us/state:hi/sldu:10
ocd-division/country:us/state:hi/sldu:11
ocd-division/country:us/state:hi/sldu:12
ocd-division/country:us/state:hi/sldu:13
ocd-division/country:us/state:hi/sldu:14
ocd-division/country:us/state:hi/sldu:15
ocd-division/country:us/state:hi/sldu:16
ocd-division/country:us/state:hi/sldu:17
ocd-division/country:us/state:hi/sldu:18
ocd-division/country:us/state:hi/sldu:19
ocd-division/country:us/state:hi/sldu:20
ocd-division/country:us/state:hi/sldu:21
ocd-division/country:us/state:hi/sldu:22
ocd-division/country:us/state:hi/sldu:23
ocd-division/country:us/state:hi/sldu:24
ocd-division/country:us/state:hi/sldu:25
ocd-division/country:us/state:id/sldu:1,,,legislatorUpperBody
ocd-division/country:us/state:id/sldu:2,,,legislatorUpperBody
ocd-division/country:us/state:id/sldu:3,,,legislatorUpperBody
ocd-division/country:us/state:id/sldu:4,,,legislatorUpperBody
ocd-division/country:us/state:id/sldu:5,,,legislatorUpperBody
ocd-division/country:us/state:id/sldu:6,,,legislatorUpperBody
ocd-division/country:us/state:id/sldu:7,,,legislatorUpperBody
ocd-division/country:us/state:id/sldu:8,,,legislatorUpperBody
ocd-division/country:us/state:id/sldu:9,,,legislatorUpperBody
ocd-division/country:us/state:id/sldu:10,,,legislatorUpperBody
ocd-division/country:us/state:id/sldu:11,,,legislatorUpperBody
ocd-division/country:us/state:id/sldu:12,,,legislatorUpperBody
ocd-division/country:us/state:id/sldu:13,,,legislatorUpperBody
ocd-division/country:us/state:id/sldu:14,,,legislatorUpperBody
ocd-division/country:us/state:id/sldu:15,,,legislatorUpperBody
ocd-division/country:us/state:id/sldu:16,,,legislatorUpperBody
ocd-division/country:us/state:id/sldu:17,,,legislatorUpperBody
ocd-division/country:us/state:id/sldu:18,,,legislatorUpperBody
ocd-division/country:us/state:id/sldu:19,,,legislatorUpperBody
ocd-division/country:us/state:id/sldu:20,,,legislatorUpperBody
ocd-division/country:us/state:id/sldu:21,,,legislatorUpperBody
ocd-division/country:us/state:id/sldu:22,,,legislatorUpperBody
ocd-division/country:us/state:id/sldu:23,,,legislatorUpperBody
ocd-division/country:us/state:id/sldu:24,,,legislatorUpperBody
ocd-division/country:us/state:id/sldu:25,,,legislatorUpperBody
ocd-division/country:us/state:id/sldu:26,,,legislatorUpperBody
ocd-division/country:us/state:id/sldu:27,,,legislatorUpperBody
ocd-division/country:us/state:id/sldu:28,,,legislatorUpperBody
ocd-division/country:us/state:id/sldu:29,,,legislatorUpperBody
ocd-division/country:us/state:id/sldu:30,,,legislatorUpperBody
ocd-division/country:us/state:id/sldu:31,,,legislatorUpperBody
ocd-division/country:us/state:id/sldu:32,,,legislatorUpperBody
ocd-division/country:us/state:id/sldu:33,,,legislatorUpperBody
ocd-division/country:us/state:id/sldu:34,,,legislatorUpperBody
ocd-division/country:us/state:id/sldu:35,,,legislatorUpperBody
ocd-division/country:us/state:il/sldu:1
ocd-division/country:us/state:il/sldu:2
ocd-division/country:us/state:il/sldu:3
ocd-division/country:us/state:il/sldu:4
ocd-division/country:us/state:il/sldu:5
ocd-division/country:us/state:il/sldu:6
ocd-division/country:us/state:il/sldu:7
ocd-division/country:us/state:il/sldu:8
ocd-division/country:us/state:il/sldu:9
ocd-division/country:us/state:il/sldu:10
ocd-division/country:us/state:il/sldu:11
ocd-division/country:us/state:il/sldu:12
ocd-division/country:us/state:il/sldu:13
ocd-division/country:us/state:il/sldu:14
ocd-division/country:us/state:il/sldu:15
ocd-division/country:us/state:il/sldu:16
ocd-division/country:us/state:il/sldu:17
ocd-division/country:us/state:il/sldu:18
ocd-division/country:us/state:il/sldu:19
ocd-division/country:us/state:il/sldu:20
ocd-division/country:us/state:il/sldu:21
ocd-division/country:us/state:il/sldu:22
ocd-division/country:us/state:il/sldu:23
ocd-division/country:us/state:il/sldu:24
ocd-division/country:us/state:il/sldu:25
ocd-division/country:us/state:il/sldu:26
ocd-division/country:us/state:il/sldu:27
ocd-division/country:us/state:il/sldu:28
ocd-division/country:us/state:il/sldu:29
ocd-division/country:us/state:il/sldu:30
ocd-division/country:us/state:il/sldu:31
ocd-division/country:us/state:il/sldu:32
ocd-division/country:us/state:il/sldu:33
ocd-division/country:us/state:il/sldu:34
ocd-division/country:us/state:il/sldu:35
ocd-division/country:us/state:il/sldu:36
ocd-division/country:us/state:il/sldu:37
ocd-division/country:us/state:il/sldu:38
ocd-division/country:us/state:il/sldu:39
ocd-division/country:us/state:il/sldu:40
ocd-division/country:us/state:il/sldu:41
ocd-division/country:us/state:il/sldu:42
ocd-division/country:us/state:il/sldu:43
ocd-division/country:us/state:il/sldu:44
ocd-division/country:us/state:il/sldu:45
ocd-division/country:us/state:il/sldu:46
ocd-division/country:us/state:il/sldu:47
ocd-division/country:us/state:il/sldu:48
ocd-division/country:us/state:il/sldu:49
ocd-division/country:us/state:il/sldu:50
ocd-division/country:us/state:il/sldu:51
ocd-division/country:us/state:il/sldu:52
ocd-division/country:us/state:il/sldu:53
ocd-division/country:us/state:il/sldu:54
ocd-division/country:us/state:il/sldu:55
ocd-division/country:us/state:il/sldu:56
ocd-division/country:us/state:il/sldu:57
ocd-division/country:us/state:il/sldu:58
ocd-division/country:us/state:il/sldu:59
ocd-division/country:us/state:in/sldu:1
ocd-division/country:us/state:in/sldu:2
ocd-division/country:us/state:in/sldu:3
ocd-division/country:us/state:in/sldu:4
ocd-division/country:us/state:in/sldu:5
ocd-division/country:us/state:in/sldu:6
ocd-division/country:us/state:in/sldu:7
ocd-division/country:us/state:in/sldu:8
ocd-division/country:us/state:in/sldu:9
ocd-division/country:us/state:in/sldu:10
ocd-division/country:us/state:in/sldu:11
ocd-division/country:us/state:in/sldu:12
ocd-division/country:us/state:in/sldu:13
ocd-division/country:us/state:in/sldu:14
ocd-division/country:us/state:in/sldu:15
ocd-division/country:us/state:in/sldu:16
ocd-division/country:us/state:in/sldu:17
ocd-division/country:us/state:in/sldu:18
ocd-division/country:us/state:in/sldu:19
ocd-division/country:us/state:in/sldu:20
ocd-division/country:us/state:in/sldu:21
ocd-division/country:us/state:in/sldu:22
ocd-division/country:us/state:in/sldu:23
ocd-division/country:us/state:in/sldu:24
ocd-division/country:us/state:in/sldu:25
ocd-division/country:us/state:in/sldu:26
ocd-division/country:us/state:in/sldu:27
ocd-division/country:us/state:in/sldu:28
ocd-division/country:us/state:in/sldu:29
ocd-division/country:us/state:in/sldu:30
ocd-division/country:us/state:in/sldu:31
ocd-division/country:us/state:in/sldu:32
ocd-division/country:us/state:in/sldu:33
ocd-division/country:us/state:in/sldu:34
ocd-division/country:us/state:in/sldu:35
ocd-division/country:us/state:in/sldu:36
ocd-division/country:us/state:in/sldu:37
ocd-division/country:us/state:in/sldu:38
ocd-division/country:us/state:in/sldu:39
ocd-division/country:us/state:in/sldu:40
ocd-division/country:us/state:in/sldu:41
ocd-division/country:us/state:in/sldu:42
ocd-division/country:us/state:in/sldu:43
ocd-division/country:us/state:in/sldu:44
ocd-division/country:us/state:in/sldu:45
ocd-division/country:us/state:in/sldu:46
ocd-division/country:us/state:in/sldu:47
ocd-division/country:us/state:in/sldu:48
ocd-division/country:us/state:in/sldu:49
ocd-division/country:us/state:in/sldu:50
ocd-division/country:us/state:ia/sldu:1
ocd-division/country:us/state:ia/sldu:2
ocd-division/country:us/state:ia/sldu:3
ocd-division/country:us/state:ia/sldu:4
ocd-division/country:us/state:ia/sldu:5
ocd-division/country:us/state:ia/sldu:6
ocd-division/country:us/state:ia/sldu:7
ocd-division/country:us/state:ia/sldu:8
ocd-division/country:us/state:ia/sldu:9
ocd-division/country:us/state:ia/sldu:10
ocd-division/country:us/state:ia/sldu:11
ocd-division/country:us/state:ia/sldu:12
ocd-division/country:us/state:ia/sldu:13
ocd-division/country:us/state:ia/sldu:14
ocd-division/country:us/state:ia/sldu:15
ocd-division/country:us/state:ia/sldu:16
ocd-division/country:us/state:ia/sldu:17
ocd-division/country:us/state:ia/sldu:18
ocd-division/country:us/state:ia/sldu:19
ocd-division/country:us/state:ia/sldu:20
ocd-division/country:us/state:ia/sldu:21
ocd-division/country:us/state:ia/sldu:22
ocd-division/country:us/state:ia/sldu:23
ocd-division/country:us/state:ia/sldu:24
ocd-division/country:us/state:ia/sldu:25
ocd-division/country:us/state:ia/sldu:26
ocd-division/country:us/state:ia/sldu:27
ocd-division/country:us/state:ia/sldu:28
ocd-division/country:us/state:ia/sldu:29
ocd-division/country:us/state:ia/sldu:30
ocd-division/country:us/state:ia/sldu:31
ocd-division/country:us/state:ia/sldu:32
ocd-division/country:us/state:ia/sldu:33
ocd-division/country:us/state:ia/sldu:34
ocd-division/country:us/state:ia/sldu:35
ocd-division/country:us/state:ia/sldu:36
ocd-division/country:us/state:ia/sldu:37
ocd-division/country:us/state:ia/sldu:38
ocd-division/country:us/state:ia/sldu:39
ocd-division/country:us/state:ia/sldu:40
ocd-division/country:us/state:ia/sldu:41
ocd-division/country:us/state:ia/sldu:42
ocd-division/country:us/state:ia/sldu:43
ocd-division/country:us/state:ia/sldu:44
ocd-division/country:us/state:ia/sldu:45
ocd-division/country:us/state:ia/sldu:46
ocd-division/country:us/state:ia/sldu:47
ocd-division/country:us/state:ia/sldu:48
ocd-division/country:us/state:ia/sldu:49
ocd-division/country:us/state:ia/sldu:50
ocd-division/country:us/state:ks/sldu:1
ocd-division/country:us/state:ks/sldu:2
ocd-division/country:us/state:ks/sldu:3
ocd-division/country:us/state:ks/sldu:4
ocd-division/country:us/state:ks/sldu:5
ocd-division/country:us/state:ks/sldu:6
ocd-division/country:us/state:ks/sldu:7
ocd-division/country:us/state:ks/sldu:8
ocd-division/country:us/state:ks/sldu:9
ocd-division/country:us/state:ks/sldu:10
ocd-division/country:us/state:ks/sldu:11
ocd-division/country:us/state:ks/sldu:12
ocd-division/country:us/state:ks/sldu:13
ocd-division/country:us/state:ks/sldu:14
ocd-division/country:us/state:ks/sldu:15
ocd-division/country:us/state:ks/sldu:16
ocd-division/country:us/state:ks/sldu:17
ocd-division/country:us/state:ks/sldu:18
ocd-division/country:us/state:ks/sldu:19
ocd-division/country:us/state:ks/sldu:20
ocd-division/country:us/state:ks/sldu:21
ocd-division/country:us/state:ks/sldu:22
ocd-division/country:us/state:ks/sldu:23
ocd-division/country:us/state:ks/sldu:24
ocd-division/country:us/state:ks/sldu:25
ocd-division/country:us/state:ks/sldu:26
ocd-division/country:us/state:ks/sldu:27
ocd-division/country:us/state:ks/sldu:28
ocd-division/country:us/state:ks/sldu:29
ocd-division/country:us/state:ks/sldu:30
ocd-division/country:us/state:ks/sldu:31
ocd-division/country:us/state:ks/sldu:32
ocd-division/country:us/state:ks/sldu:33
ocd-division/country:us/state:ks/sldu:34
ocd-division/country:us/state:ks/sldu:35
ocd-division/country:us/state:ks/sldu:36
ocd-division/country:us/state:ks/sldu:37
ocd-division/country:us/state:ks/sldu:38
ocd-division/country:us/state:ks/sldu:39
ocd-division/country:us/state:ks/sldu:40
ocd-division/country:us/state:ky/sldu:1
ocd-division/country:us/state:ky/sldu:2
ocd-division/country:us/state:ky/sldu:3
ocd-division/country:us/state:ky/sldu:4
ocd-division/country:us/state:ky/sldu:5
ocd-division/country:us/state:ky/sldu:6
ocd-division/country:us/state:ky/sldu:7
ocd-division/country:us/state:ky/sldu:8
ocd-division/country:us/state:ky/sldu:9
ocd-division/country:us/state:ky/sldu:10
ocd-division/country:us/state:ky/sldu:11
ocd-division/country:us/state:ky/sldu:12
ocd-division/country:us/state:ky/sldu:13
ocd-division/country:us/state:ky/sldu:14
ocd-division/country:us/state:ky/sldu:15
ocd-division/country:us/state:ky/sldu:16
ocd-division/country:us/state:ky/sldu:17
ocd-division/country:us/state:ky/sldu:18
ocd-division/country:us/state:ky/sldu:19
ocd-division/country:us/state:ky/sldu:20
ocd-division/country:us/state:ky/sldu:21
ocd-division/country:us/state:ky/sldu:22
ocd-division/country:us/state:ky/sldu:23
ocd-division/country:us/state:ky/sldu:24
ocd-division/country:us/state:ky/sldu:25
ocd-division/country:us/state:ky/sldu:26
ocd-division/country:us/state:ky/sldu:27
ocd-division/country:us/state:ky/sldu:28
ocd-division/country:us/state:ky/sldu:29
ocd-division/country:us/state:ky/sldu:30
ocd-division/country:us/state:ky/sldu:31
ocd-division/country:us/state:ky/sldu:32
ocd-division/country:us/state:ky/sldu:33
ocd-division/country:us/state:ky/sldu:34
ocd-division/country:us/state:ky/sldu:35
ocd-division/country:us/state:ky/sldu:36
ocd-division/country:us/state:ky/sldu:37
ocd-division/country:us/state:ky/sldu:38
ocd-division/country:us/state:la/sldu:1
ocd-division/country:us/state:la/sldu:2
ocd-division/country:us/state:la/sldu:3
ocd-division/country:us/state:la/sldu:4
ocd-division/country:us/state:la/sldu:5
ocd-division/country:us/state:la/sldu:6
ocd-division/country:us/state:la/sldu:7
ocd-division/country:us/state:la/sldu:8
ocd-division/country:us/state:la/sldu:9
ocd-division/country:us/state:la/sldu:10
ocd-division/country:us/state:la/sldu:11
ocd-division/country:us/state:la/sldu:12
ocd-division/country:us/state:la/sldu:13
ocd-division/country:us/state:la/sldu:14
ocd-division/country:us/state:la/sldu:15
ocd-division/country:us/state:la/sldu:16
ocd-division/country:us/state:la/sldu:17
ocd-division/country:us/state:la/sldu:18
ocd-division/country:us/state:la/sldu:19
ocd-division/country:us/state:la/sldu:20
ocd-division/country:us/state:la/sldu:21
ocd-division/country:us/state:la/sldu:22
ocd-division/country:us/state:la/sldu:23
ocd-division/country:us/state:la/sldu:24
ocd-division/country:us/state:la/sldu:25
ocd-division/country:us/state:la/sldu:26
ocd-division/country:us/state:la/sldu:27
ocd-division/country:us/state:la/sldu:28
ocd-division/country:us/state:la/sldu:29
ocd-division/country:us/state:la/sldu:30
ocd-division/country:us/state:la/sldu:31
ocd-division/country:us/state:la/sldu:32
ocd-division/country:us/state:la/sldu:33
ocd-division/country:us/state:la/sldu:34
ocd-division/country:us/state:la/sldu:35
ocd-division/country:us/state:la/sldu:36
ocd-division/country:us/state:la/sldu:37
ocd-division/country:us/state:la/sldu:38
ocd-division/country:us/state:la/sldu:39
ocd-division/country:us/state:me/sldu:1
ocd-division/country:us/state:me/sldu:2
ocd-division/country:us/state:me/sldu:3
ocd-division/country:us/state:me/sldu:4
ocd-division/country:us/state:me/sldu:5
ocd-division/country:us/state:me/sldu:6
ocd-division/country:us/state:me/sldu:7
ocd-division/country:us/state:me/sldu:8
ocd-division/country:us/state:me/sldu:9
ocd-division/country:us/state:me/sldu:10
ocd-division/country:us/state:me/sldu:11
ocd-division/country:us/state:me/sldu:12
ocd-division/country:us/state:me/sldu:13
ocd-division/country:us/state:me/sldu:14
ocd-division/country:us/state:me/sldu:15
ocd-division/country:us/state:me/sldu:16
ocd-division/country:us/state:me/sldu:17
ocd-division/country:us/state:me/sldu:18
ocd-division/country:us/state:me/sldu:19
ocd-division/country:us/state:me/sldu:20
ocd-division/country:us/state:me/sldu:21
ocd-division/country:us/state:me/sldu:22
ocd-division/country:us/state:me/sldu:23
ocd-division/country:us/state:me/sldu:24
ocd-division/country:us/state:me/sldu:25
ocd-division/country:us/state:me/sldu:26
ocd-division/country:us/state:me/sldu:27
ocd-division/country:us/state:me/sldu:28
ocd-division/country:us/state:me/sldu:29
ocd-division/country:us/state:me/sldu:30
ocd-division/country:us/state:me/sldu:31
ocd-division/country:us/state:me/sldu:32
ocd-division/country:us/state:me/sldu:33
ocd-division/country:us/state:me/sldu:34
ocd-division/country:us/state:me/sldu:35
ocd-division/country:us/state:md/sldu:1,,,legislatorUpperBody
ocd-division/country:us/state:md/sldu:2,,,legislatorUpperBody
ocd-division/country:us/state:md/sldu:3,,,legislatorUpperBody
ocd-division/country:us/state:md/sldu:4,,,legislatorUpperBody
ocd-division/country:us/state:md/sldu:5,,,legislatorUpperBody
ocd-division/country:us/state:md/sldu:6,,,legislatorUpperBody
ocd-division/country:us/state:md/sldu:7,,,legislatorUpperBody
ocd-division/country:us/state:md/sldu:8,,,legislatorUpperBody
ocd-division/country:us/state:md/sldu:9,,,legislatorUpperBody
ocd-division/country:us/state:md/sldu:10,,,legislatorUpperBody
ocd-division/country:us/state:md/sldu:11,,,legislatorUpperBody
ocd-division/country:us/state:md/sldu:12,,,legislatorUpperBody
ocd-division/country:us/state:md/sldu:13,,,legislatorUpperBody
ocd-division/country:us/state:md/sldu:14,,,legislatorUpperBody
ocd-division/country:us/state:md/sldu:15,,,legislatorUpperBody
ocd-division/country:us/state:md/sldu:16,,,legislatorUpperBody
ocd-division/country:us/state:md/sldu:17,,,legislatorUpperBody
ocd-division/country:us/state:md/sldu:18,,,legislatorUpperBody
ocd-division/country:us/state:md/sldu:19,,,legislatorUpperBody
ocd-division/country:us/state:md/sldu:20,,,legislatorUpperBody
ocd-division/country:us/state:md/sldu:21,,,legislatorUpperBody
ocd-division/country:us/state:md/sldu:22,,,legislatorUpperBody
ocd-division/country:us/state:md/sldu:23,,,legislatorUpperBody
ocd-division/country:us/state:md/sldu:24,,,legislatorUpperBody
ocd-division/country:us/state:md/sldu:25,,,legislatorUpperBody
ocd-division/country:us/state:md/sldu:26,,,legislatorUpperBody
ocd-division/country:us/state:md/sldu:27,,,legislatorUpperBody
ocd-division/country:us/state:md/sldu:28,,,legislatorUpperBody
ocd-division/country:us/state:md/sldu:29,,,legislatorUpperBody
ocd-division/country:us/state:md/sldu:30,,,legislatorUpperBody
ocd-division/country:us/state:md/sldu:31,,,legislatorUpperBody
ocd-division/country:us/state:md/sldu:32,,,legislatorUpperBody
ocd-division/country:us/state:md/sldu:33,,,legislatorUpperBody
ocd-division/country:us/state:md/sldu:34,,,legislatorUpperBody
ocd-division/country:us/state:md/sldu:35,,,legislatorUpperBody
ocd-division/country:us/state:md/sldu:36,,,legislatorUpperBody
ocd-division/country:us/state:md/sldu:37,,,legislatorUpperBody
ocd-division/country:us/state:md/sldu:38,,,legislatorUpperBody
ocd-division/country:us/state:md/sldu:39,,,legislatorUpperBody
ocd-division/country:us/state:md/sldu:40,,,legislatorUpperBody
ocd-division/country:us/state:md/sldu:41,,,legislatorUpperBody
ocd-division/country:us/state:md/sldu:42,,,legislatorUpperBody
ocd-division/country:us/state:md/sldu:43,,,legislatorUpperBody
ocd-division/country:us/state:md/sldu:44,,,legislatorUpperBody
ocd-division/country:us/state:md/sldu:45,,,legislatorUpperBody
ocd-division/country:us/state:md/sldu:46,,,legislatorUpperBody
ocd-division/country:us/state:md/sldu:47,,,legislatorUpperBody
ocd-division/country:us/state:ma/sldu:1st_suffolk
ocd-division/country:us/state:ma/sldu:2nd_suffolk
ocd-division/country:us/state:ma/sldu:3rd_suffolk
ocd-division/country:us/state:ma/sldu:hampden
ocd-division/country:us/state:ma/sldu:berkshire_hampden_franklin_and_hampshire
ocd-division/country:us/state:ma/sldu:hampshire_franklin_and_worcester
ocd-division/country:us/state:ma/sldu:hampden_and_hampshire
ocd-division/country:us/state:ma/sldu:hampden_hampshire_and_worcester
ocd-division/country:us/state:ma/sldu:worcester_and_hampshire
ocd-division/country:us/state:ma/sldu:worcester_and_hampden
ocd-division/country:us/state:ma/sldu:worcester_and_middlesex
ocd-division/country:us/state:ma/sldu:1st_worcester
ocd-division/country:us/state:ma/sldu:2nd_worcester
ocd-division/country:us/state:ma/sldu:norfolk_worcester_and_middlesex
ocd-division/country:us/state:ma/sldu:1st_middlesex
ocd-division/country:us/state:ma/sldu:middlesex_and_worcester
ocd-division/country:us/state:ma/sldu:3rd_middlesex
ocd-division/country:us/state:ma/sldu:norfolk_bristol_and_middlesex
ocd-division/country:us/state:ma/sldu:2nd_essex_and_middlesex
ocd-division/country:us/state:ma/sldu:1st_essex
ocd-division/country:us/state:ma/sldu:1st_essex_and_middlesex
ocd-division/country:us/state:ma/sldu:2nd_essex
ocd-division/country:us/state:ma/sldu:3rd_essex
ocd-division/country:us/state:ma/sldu:5th_middlesex
ocd-division/country:us/state:ma/sldu:4th_middlesex
ocd-division/country:us/state:ma/sldu:2nd_middlesex
ocd-division/country:us/state:ma/sldu:middlesex_and_suffolk
ocd-division/country:us/state:ma/sldu:suffolk_and_middlesex
ocd-division/country:us/state:ma/sldu:norfolk_and_middlesex
ocd-division/country:us/state:ma/sldu:middlesex_and_norfolk
ocd-division/country:us/state:ma/sldu:norfolk_and_suffolk
ocd-division/country:us/state:ma/sldu:bristol_and_norfolk
ocd-division/country:us/state:ma/sldu:norfolk_plymouth_and_bristol
ocd-division/country:us/state:ma/sldu:norfolk_and_plymouth
ocd-division/country:us/state:ma/sldu:plymouth_and_norfolk
ocd-division/country:us/state:ma/sldu:2nd_plymouth_and_bristol
ocd-division/country:us/state:ma/sldu:1st_plymouth_and_bristol
ocd-division/country:us/state:ma/sldu:1st_bristol_and_plymouth
ocd-division/country:us/state:ma/sldu:2nd_bristol_and_plymouth
ocd-division/country:us/state:ma/sldu:3rd_bristol_and_plymouth
ocd-division/country:us/state:ma/sldu:plymouth_and_barnstable
ocd-division/country:us/state:ma/sldu:cape_and_islands
ocd-division/country:us/state:ma/sldu:1st_plymouth_and_norfolk
ocd-division/country:us/state:ma/sldu:2nd_plymouth_and_norfolk
ocd-division/country:us/state:mi/sldu:1
ocd-division/country:us/state:mi/sldu:2
ocd-division/country:us/state:mi/sldu:3
ocd-division/country:us/state:mi/sldu:4
ocd-division/country:us/state:mi/sldu:5
ocd-division/country:us/state:mi/sldu:6
ocd-division/country:us/state:mi/sldu:7
ocd-division/country:us/state:mi/sldu:8
ocd-division/country:us/state:mi/sldu:9
ocd-division/country:us/state:mi/sldu:10
ocd-division/country:us/state:mi/sldu:11
ocd-division/country:us/state:mi/sldu:12
ocd-division/country:us/state:mi/sldu:13
ocd-division/country:us/state:mi/sldu:14
ocd-division/country:us/state:mi/sldu:15
ocd-division/country:us/state:mi/sldu:16
ocd-division/country:us/state:mi/sldu:17
ocd-division/country:us/state:mi/sldu:18
ocd-division/country:us/state:mi/sldu:19
ocd-division/country:us/state:mi/sldu:20
ocd-division/country:us/state:mi/sldu:21
ocd-division/country:us/state:mi/sldu:22
ocd-division/country:us/state:mi/sldu:23
ocd-division/country:us/state:mi/sldu:24
ocd-division/country:us/state:mi/sldu:25
ocd-division/country:us/state:mi/sldu:26
ocd-division/country:us/state:mi/sldu:27
ocd-division/country:us/state:mi/sldu:28
ocd-division/country:us/state:mi/sldu:29
ocd-division/country:us/state:mi/sldu:30
ocd-division/country:us/state:mi/sldu:31
ocd-division/country:us/state:mi/sldu:32
ocd-division/country:us/state:mi/sldu:33
ocd-division/country:us/state:mi/sldu:34
ocd-division/country:us/state:mi/sldu:35
ocd-division/country:us/state:mi/sldu:36
ocd-division/country:us/state:mi/sldu:37
ocd-division/country:us/state:mi/sldu:38
ocd-division/country:us/state:mn/sldu:1
ocd-division/country:us/state:mn/sldu:2
ocd-division/country:us/state:mn/sldu:3
ocd-division/country:us/state:mn/sldu:4
ocd-division/country:us/state:mn/sldu:5
ocd-division/country:us/state:mn/sldu:6
ocd-division/country:us/state:mn/sldu:7
ocd-division/country:us/state:mn/sldu:8
ocd-division/country:us/state:mn/sldu:9
ocd-division/country:us/state:mn/sldu:10
ocd-division/country:us/state:mn/sldu:11
ocd-division/country:us/state:mn/sldu:12
ocd-division/country:us/state:mn/sldu:13
ocd-division/country:us/state:mn/sldu:14
ocd-division/country:us/state:mn/sldu:15
ocd-division/country:us/state:mn/sldu:16
ocd-division/country:us/state:mn/sldu:17
ocd-division/country:us/state:mn/sldu:18
ocd-division/country:us/state:mn/sldu:19
ocd-division/country:us/state:mn/sldu:20
ocd-division/country:us/state:mn/sldu:21
ocd-division/country:us/state:mn/sldu:22
ocd-division/country:us/state:mn/sldu:23
ocd-division/country:us/state:mn/sldu:24
ocd-division/country:us/state:mn/sldu:25
ocd-division/country:us/state:mn/sldu:26
ocd-division/country:us/state:mn/sldu:27
ocd-division/country:us/state:mn/sldu:28
ocd-division/country:us/state:mn/sldu:29
ocd-division/country:us/state:mn/sldu:30
ocd-division/country:us/state:mn/sldu:31
ocd-division/country:us/state:mn/sldu:32
ocd-division/country:us/state:mn/sldu:33
ocd-division/country:us/state:mn/sldu:34
ocd-division/country:us/state:mn/sldu:35
ocd-division/country:us/state:mn/sldu:36
ocd-division/country:us/state:mn/sldu:37
ocd-division/country:us/state:mn/sldu:38
ocd-division/country:us/state:mn/sldu:39
ocd-division/country:us/state:mn/sldu:40
ocd-division/country:us/state:mn/sldu:41
ocd-division/country:us/state:mn/sldu:42
ocd-division/country:us/state:mn/sldu:43
ocd-division/country:us/state:mn/sldu:44
ocd-division/country:us/state:mn/sldu:45
ocd-division/country:us/state:mn/sldu:46
ocd-division/country:us/state:mn/sldu:47
ocd-division/country:us/state:mn/sldu:48
ocd-division/country:us/state:mn/sldu:49
ocd-division/country:us/state:mn/sldu:50
ocd-division/country:us/state:mn/sldu:51
ocd-division/country:us/state:mn/sldu:52
ocd-division/country:us/state:mn/sldu:53
ocd-division/country:us/state:mn/sldu:54
ocd-division/country:us/state:mn/sldu:55
ocd-division/country:us/state:mn/sldu:56
ocd-division/country:us/state:mn/sldu:57
ocd-division/country:us/state:mn/sldu:58
ocd-division/country:us/state:mn/sldu:59
ocd-division/country:us/state:mn/sldu:60
ocd-division/country:us/state:mn/sldu:61
ocd-division/country:us/state:mn/sldu:62
ocd-division/country:us/state:mn/sldu:63
ocd-division/country:us/state:mn/sldu:64
ocd-division/country:us/state:mn/sldu:65
ocd-division/country:us/state:mn/sldu:66
ocd-division/country:us/state:mn/sldu:67
ocd-division/country:us/state:ms/sldu:1
ocd-division/country:us/state:ms/sldu:2
ocd-division/country:us/state:ms/sldu:3
ocd-division/country:us/state:ms/sldu:4
ocd-division/country:us/state:ms/sldu:5
ocd-division/country:us/state:ms/sldu:6
ocd-division/country:us/state:ms/sldu:7
ocd-division/country:us/state:ms/sldu:8
ocd-division/country:us/state:ms/sldu:9
ocd-division/country:us/state:ms/sldu:10
ocd-division/country:us/state:ms/sldu:11
ocd-division/country:us/state:ms/sldu:12
ocd-division/country:us/state:ms/sldu:13
ocd-division/country:us/state:ms/sldu:14
ocd-division/country:us/state:ms/sldu:15
ocd-division/country:us/state:ms/sldu:16
ocd-division/country:us/state:ms/sldu:17
ocd-division/country:us/state:ms/sldu:18
ocd-division/country:us/state:ms/sldu:19
ocd-division/country:us/state:ms/sldu:20
ocd-division/country:us/state:ms/sldu:21
ocd-division/country:us/state:ms/sldu:22
ocd-division/country:us/state:ms/sldu:23
ocd-division/country:us/state:ms/sldu:24
ocd-division/country:us/state:ms/sldu:25
ocd-division/country:us/state:ms/sldu:26
ocd-division/country:us/state:ms/sldu:27
ocd-division/country:us/state:ms/sldu:28
ocd-division/country:us/state:ms/sldu:29
ocd-division/country:us/state:ms/sldu:30
ocd-division/country:us/state:ms/sldu:31
ocd-division/country:us/state:ms/sldu:32
ocd-division/country:us/state:ms/sldu:33
ocd-division/country:us/state:ms/sldu:34
ocd-division/country:us/state:ms/sldu:35
ocd-division/country:us/state:ms/sldu:36
ocd-division/country:us/state:ms/sldu:37
ocd-division/country:us/state:ms/sldu:38
ocd-division/country:us/state:ms/sldu:39
ocd-division/country:us/state:ms/sldu:40
ocd-division/country:us/state:ms/sldu:41
ocd-division/country:us/state:ms/sldu:42
ocd-division/country:us/state:ms/sldu:43
ocd-division/country:us/state:ms/sldu:44
ocd-division/country:us/state:ms/sldu:45
ocd-division/country:us/state:ms/sldu:46
ocd-division/country:us/state:ms/sldu:47
ocd-division/country:us/state:ms/sldu:48
ocd-division/country:us/state:ms/sldu:49
ocd-division/country:us/state:ms/sldu:50
ocd-division/country:us/state:ms/sldu:51
ocd-division/country:us/state:ms/sldu:52
ocd-division/country:us/state:mo/sldu:1
ocd-division/country:us/state:mo/sldu:2
ocd-division/country:us/state:mo/sldu:3
ocd-division/country:us/state:mo/sldu:4
ocd-division/country:us/state:mo/sldu:5
ocd-division/country:us/state:mo/sldu:6
ocd-division/country:us/state:mo/sldu:7
ocd-division/country:us/state:mo/sldu:8
ocd-division/country:us/state:mo/sldu:9
ocd-division/country:us/state:mo/sldu:10
ocd-division/country:us/state:mo/sldu:11
ocd-division/country:us/state:mo/sldu:12
ocd-division/country:us/state:mo/sldu:13
ocd-division/country:us/state:mo/sldu:14
ocd-division/country:us/state:mo/sldu:15
ocd-division/country:us/state:mo/sldu:16
ocd-division/country:us/state:mo/sldu:17
ocd-division/country:us/state:mo/sldu:18
ocd-division/country:us/state:mo/sldu:19
ocd-division/country:us/state:mo/sldu:20
ocd-division/country:us/state:mo/sldu:21
ocd-division/country:us/state:mo/sldu:22
ocd-division/country:us/state:mo/sldu:23
ocd-division/country:us/state:mo/sldu:24
ocd-division/country:us/state:mo/sldu:25
ocd-division/country:us/state:mo/sldu:26
ocd-division/country:us/state:mo/sldu:27
ocd-division/country:us/state:mo/sldu:28
ocd-division/country:us/state:mo/sldu:29
ocd-division/country:us/state:mo/sldu:30
ocd-division/country:us/state:mo/sldu:31
ocd-division/country:us/state:mo/sldu:32
ocd-division/country:us/state:mo/sldu:33
ocd-division/country:us/state:mo/sldu:34
ocd-division/country:us/state:mt/sldu:1
ocd-division/country:us/state:mt/sldu:2
ocd-division/country:us/state:mt/sldu:3
ocd-division/country:us/state:mt/sldu:4
ocd-division/country:us/state:mt/sldu:5
ocd-division/country:us/state:mt/sldu:6
ocd-division/country:us/state:mt/sldu:7
ocd-division/country:us/state:mt/sldu:8
ocd-division/country:us/state:mt/sldu:9
ocd-division/country:us/state:mt/sldu:10
ocd-division/country:us/state:mt/sldu:11
ocd-division/country:us/state:mt/sldu:12
ocd-division/country:us/state:mt/sldu:13
ocd-division/country:us/state:mt/sldu:14
ocd-division/country:us/state:mt/sldu:15
ocd-division/country:us/state:mt/sldu:16
ocd-division/country:us/state:mt/sldu:17
ocd-division/country:us/state:mt/sldu:18
ocd-division/country:us/state:mt/sldu:19
ocd-division/country:us/state:mt/sldu:20
ocd-division/country:us/state:mt/sldu:21
ocd-division/country:us/state:mt/sldu:22
ocd-division/country:us/state:mt/sldu:23
ocd-division/country:us/state:mt/sldu:24
ocd-division/country:us/state:mt/sldu:25
ocd-division/country:us/state:mt/sldu:26
ocd-division/country:us/state:mt/sldu:27
ocd-division/country:us/state:mt/sldu:28
ocd-division/country:us/state:mt/sldu:29
ocd-division/country:us/state:mt/sldu:30
ocd-division/country:us/state:mt/sldu:31
ocd-division/country:us/state:mt/sldu:32
ocd-division/country:us/state:mt/sldu:33
ocd-division/country:us/state:mt/sldu:34
ocd-division/country:us/state:mt/sldu:35
ocd-division/country:us/state:mt/sldu:36
ocd-division/country:us/state:mt/sldu:37
ocd-division/country:us/state:mt/sldu:38
ocd-division/country:us/state:mt/sldu:39
ocd-division/country:us/state:mt/sldu:40
ocd-division/country:us/state:mt/sldu:41
ocd-division/country:us/state:mt/sldu:42
ocd-division/country:us/state:mt/sldu:43
ocd-division/country:us/state:mt/sldu:44
ocd-division/country:us/state:mt/sldu:45
ocd-division/country:us/state:mt/sldu:46
ocd-division/country:us/state:mt/sldu:47
ocd-division/country:us/state:mt/sldu:48
ocd-division/country:us/state:mt/sldu:49
ocd-division/country:us/state:mt/sldu:50
ocd-division/country:us/state:ne/sldu:1
ocd-division/country:us/state:ne/sldu:2
ocd-division/country:us/state:ne/sldu:3
ocd-division/country:us/state:ne/sldu:4
ocd-division/country:us/state:ne/sldu:5
ocd-division/country:us/state:ne/sldu:6
ocd-division/country:us/state:ne/sldu:7
ocd-division/country:us/state:ne/sldu:8
ocd-division/country:us/state:ne/sldu:9
ocd-division/country:us/state:ne/sldu:10
ocd-division/country:us/state:ne/sldu:11
ocd-division/country:us/state:ne/sldu:12
ocd-division/country:us/state:ne/sldu:13
ocd-division/country:us/state:ne/sldu:14
ocd-division/country:us/state:ne/sldu:15
ocd-division/country:us/state:ne/sldu:16
ocd-division/country:us/state:ne/sldu:17
ocd-division/country:us/state:ne/sldu:18
ocd-division/country:us/state:ne/sldu:19
ocd-division/country:us/state:ne/sldu:20
ocd-division/country:us/state:ne/sldu:21
ocd-division/country:us/state:ne/sldu:22
ocd-division/country:us/state:ne/sldu:23
ocd-division/country:us/state:ne/sldu:24
ocd-division/country:us/state:ne/sldu:25
ocd-division/country:us/state:ne/sldu:26
ocd-division/country:us/state:ne/sldu:27
ocd-division/country:us/state:ne/sldu:28
ocd-division/country:us/state:ne/sldu:29
ocd-division/country:us/state:ne/sldu:30
ocd-division/country:us/state:ne/sldu:31
ocd-division/country:us/state:ne/sldu:32
ocd-division/country:us/state:ne/sldu:33
ocd-division/country:us/state:ne/sldu:34
ocd-division/country:us/state:ne/sldu:35
ocd-division/country:us/state:ne/sldu:36
ocd-division/country:us/state:ne/sldu:37
ocd-division/country:us/state:ne/sldu:38
ocd-division/country:us/state:ne/sldu:39
ocd-division/country:us/state:ne/sldu:40
ocd-division/country:us/state:ne/sldu:41
ocd-division/country:us/state:ne/sldu:42
ocd-division/country:us/state:ne/sldu:43
ocd-division/country:us/state:ne/sldu:44
ocd-division/country:us/state:ne/sldu:45
ocd-division/country:us/state:ne/sldu:46
ocd-division/country:us/state:ne/sldu:47
ocd-division/country:us/state:ne/sldu:48
ocd-division/country:us/state:ne/sldu:49
ocd-division/country:us/state:nv/sldu:1
ocd-division/country:us/state:nv/sldu:2
ocd-division/country:us/state:nv/sldu:3
ocd-division/country:us/state:nv/sldu:4
ocd-division/country:us/state:nv/sldu:5
ocd-division/country:us/state:nv/sldu:6
ocd-division/country:us/state:nv/sldu:7
ocd-division/country:us/state:nv/sldu:8
ocd-division/country:us/state:nv/sldu:9
ocd-division/country:us/state:nv/sldu:10
ocd-division/country:us/state:nv/sldu:11
ocd-division/country:us/state:nv/sldu:12
ocd-division/country:us/state:nv/sldu:13
ocd-division/country:us/state:nv/sldu:14
ocd-division/country:us/state:nv/sldu:15
ocd-division/country:us/state:nv/sldu:16
ocd-division/country:us/state:nv/sldu:17
ocd-division/country:us/state:nv/sldu:18
ocd-division/country:us/state:nv/sldu:19
ocd-division/country:us/state:nv/sldu:20
ocd-division/country:us/state:nv/sldu:21
ocd-division/country:us/state:nh/sldu:1
ocd-division/country:us/state:nh/sldu:2
ocd-division/country:us/state:nh/sldu:3
ocd-division/country:us/state:nh/sldu:4
ocd-division/country:us/state:nh/sldu:5
ocd-division/country:us/state:nh/sldu:6
ocd-division/country:us/state:nh/sldu:7
ocd-division/country:us/state:nh/sldu:8
ocd-division/country:us/state:nh/sldu:9
ocd-division/country:us/state:nh/sldu:10
ocd-division/country:us/state:nh/sldu:11
ocd-division/country:us/state:nh/sldu:12
ocd-division/country:us/state:nh/sldu:13
ocd-division/country:us/state:nh/sldu:14
ocd-division/country:us/state:nh/sldu:15
ocd-division/country:us/state:nh/sldu:16
ocd-division/country:us/state:nh/sldu:17
ocd-division/country:us/state:nh/sldu:18
ocd-division/country:us/state:nh/sldu:19
ocd-division/country:us/state:nh/sldu:20
ocd-division/country:us/state:nh/sldu:21
ocd-division/country:us/state:nh/sldu:22
ocd-division/country:us/state:nh/sldu:23
ocd-division/country:us/state:nh/sldu:24
ocd-division/country:us/state:nj/sldu:1,,,legislatorUpperBody
ocd-division/country:us/state:nj/sldu:2,,,legislatorUpperBody
ocd-division/country:us/state:nj/sldu:3,,,legislatorUpperBody
ocd-division/country:us/state:nj/sldu:4,,,legislatorUpperBody
ocd-division/country:us/state:nj/sldu:5,,,legislatorUpperBody
ocd-division/country:us/state:nj/sldu:6,,,legislatorUpperBody
ocd-division/country:us/state:nj/sldu:7,,,legislatorUpperBody
ocd-division/country:us/state:nj/sldu:8,,,legislatorUpperBody
ocd-division/country:us/state:nj/sldu:9,,,legislatorUpperBody
ocd-division/country:us/state:nj/sldu:10,,,legislatorUpperBody
ocd-division/country:us/state:nj/sldu:11,,,legislatorUpperBody
ocd-division/country:us/state:nj/sldu:12,,,legislatorUpperBody
ocd-division/country:us/state:nj/sldu:13,,,legislatorUpperBody
ocd-division/country:us/state:nj/sldu:14,,,legislatorUpperBody
ocd-division/country:us/state:nj/sldu:15,,,legislatorUpperBody
ocd-division/country:us/state:nj/sldu:16,,,legislatorUpperBody
ocd-division/country:us/state:nj/sldu:17,,,legislatorUpperBody
ocd-division/country:us/state:nj/sldu:18,,,legislatorUpperBody
ocd-division/country:us/state:nj/sldu:19,,,legislatorUpperBody
ocd-division/country:us/state:nj/sldu:20,,,legislatorUpperBody
ocd-division/country:us/state:nj/sldu:21,,,legislatorUpperBody
ocd-division/country:us/state:nj/sldu:22,,,legislatorUpperBody
ocd-division/country:us/state:nj/sldu:23,,,legislatorUpperBody
ocd-division/country:us/state:nj/sldu:24,,,legislatorUpperBody
ocd-division/country:us/state:nj/sldu:25,,,legislatorUpperBody
ocd-division/country:us/state:nj/sldu:26,,,legislatorUpperBody
ocd-division/country:us/state:nj/sldu:27,,,legislatorUpperBody
ocd-division/country:us/state:nj/sldu:28,,,legislatorUpperBody
ocd-division/country:us/state:nj/sldu:29,,,legislatorUpperBody
ocd-division/country:us/state:nj/sldu:30,,,legislatorUpperBody
ocd-division/country:us/state:nj/sldu:31,,,legislatorUpperBody
ocd-division/country:us/state:nj/sldu:32,,,legislatorUpperBody
ocd-division/country:us/state:nj/sldu:33,,,legislatorUpperBody
ocd-division/country:us/state:nj/sldu:34,,,legislatorUpperBody
ocd-division/country:us/state:nj/sldu:35,,,legislatorUpperBody
ocd-division/country:us/state:nj/sldu:36,,,legislatorUpperBody
ocd-division/country:us/state:nj/sldu:37,,,legislatorUpperBody
ocd-division/country:us/state:nj/sldu:38,,,legislatorUpperBody
ocd-division/country:us/state:nj/sldu:39,,,legislatorUpperBody
ocd-division/country:us/state:nj/sldu:40,,,legislatorUpperBody
ocd-division/country:us/state:nm/sldu:1
ocd-division/country:us/state:nm/sldu:2
ocd-division/country:us/state:nm/sldu:3
ocd-division/country:us/state:nm/sldu:4
ocd-division/country:us/state:nm/sldu:5
ocd-division/country:us/state:nm/sldu:6
ocd-division/country:us/state:nm/sldu:7
ocd-division/country:us/state:nm/sldu:8
ocd-division/country:us/state:nm/sldu:9
ocd-division/country:us/state:nm/sldu:10
ocd-division/country:us/state:nm/sldu:11
ocd-division/country:us/state:nm/sldu:12
ocd-division/country:us/state:nm/sldu:13
ocd-division/country:us/state:nm/sldu:14
ocd-division/country:us/state:nm/sldu:15
ocd-division/country:us/state:nm/sldu:16
ocd-division/country:us/state:nm/sldu:17
ocd-division/country:us/state:nm/sldu:18
ocd-division/country:us/state:nm/sldu:19
ocd-division/country:us/state:nm/sldu:20
ocd-division/country:us/state:nm/sldu:21
ocd-division/country:us/state:nm/sldu:22
ocd-division/country:us/state:nm/sldu:23
ocd-division/country:us/state:nm/sldu:24
ocd-division/country:us/state:nm/sldu:25
ocd-division/country:us/state:nm/sldu:26
ocd-division/country:us/state:nm/sldu:27
ocd-division/country:us/state:nm/sldu:28
ocd-division/country:us/state:nm/sldu:29
ocd-division/country:us/state:nm/sldu:30
ocd-division/country:us/state:nm/sldu:31
ocd-division/country:us/state:nm/sldu:32
ocd-division/country:us/state:nm/sldu:33
ocd-division/country:us/state:nm/sldu:34
ocd-division/country:us/state:nm/sldu:35
ocd-division/country:us/state:nm/sldu:36
ocd-division/country:us/state:nm/sldu:37
ocd-division/country:us/state:nm/sldu:38
ocd-division/country:us/state:nm/sldu:39
ocd-division/country:us/state:nm/sldu:40
ocd-division/country:us/state:nm/sldu:41
ocd-division/country:us/state:nm/sldu:42
ocd-division/country:us/state:ny/sldu:1
ocd-division/country:us/state:ny/sldu:2
ocd-division/country:us/state:ny/sldu:3
ocd-division/country:us/state:ny/sldu:4
ocd-division/country:us/state:ny/sldu:5
ocd-division/country:us/state:ny/sldu:6
ocd-division/country:us/state:ny/sldu:7
ocd-division/country:us/state:ny/sldu:8
ocd-division/country:us/state:ny/sldu:9
ocd-division/country:us/state:ny/sldu:10
ocd-division/country:us/state:ny/sldu:11
ocd-division/country:us/state:ny/sldu:12
ocd-division/country:us/state:ny/sldu:13
ocd-division/country:us/state:ny/sldu:14
ocd-division/country:us/state:ny/sldu:15
ocd-division/country:us/state:ny/sldu:16
ocd-division/country:us/state:ny/sldu:17
ocd-division/country:us/state:ny/sldu:18
ocd-division/country:us/state:ny/sldu:19
ocd-division/country:us/state:ny/sldu:20
ocd-division/country:us/state:ny/sldu:21
ocd-division/country:us/state:ny/sldu:22
ocd-division/country:us/state:ny/sldu:23
ocd-division/country:us/state:ny/sldu:24
ocd-division/country:us/state:ny/sldu:25
ocd-division/country:us/state:ny/sldu:26
ocd-division/country:us/state:ny/sldu:27
ocd-division/country:us/state:ny/sldu:28
ocd-division/country:us/state:ny/sldu:29
ocd-division/country:us/state:ny/sldu:30
ocd-division/country:us/state:ny/sldu:31
ocd-division/country:us/state:ny/sldu:32
ocd-division/country:us/state:ny/sldu:33
ocd-division/country:us/state:ny/sldu:34
ocd-division/country:us/state:ny/sldu:35
ocd-division/country:us/state:ny/sldu:36
ocd-division/country:us/state:ny/sldu:37
ocd-division/country:us/state:ny/sldu:38
ocd-division/country:us/state:ny/sldu:39
ocd-division/country:us/state:ny/sldu:40
ocd-division/country:us/state:ny/sldu:41
ocd-division/country:us/state:ny/sldu:42
ocd-division/country:us/state:ny/sldu:43
ocd-division/country:us/state:ny/sldu:44
ocd-division/country:us/state:ny/sldu:45
ocd-division/country:us/state:ny/sldu:46
ocd-division/country:us/state:ny/sldu:47
ocd-division/country:us/state:ny/sldu:48
ocd-division/country:us/state:ny/sldu:49
ocd-division/country:us/state:ny/sldu:50
ocd-division/country:us/state:ny/sldu:51
ocd-division/country:us/state:ny/sldu:52
ocd-division/country:us/state:ny/sldu:53
ocd-division/country:us/state:ny/sldu:54
ocd-division/country:us/state:ny/sldu:55
ocd-division/country:us/state:ny/sldu:56
ocd-division/country:us/state:ny/sldu:57
ocd-division/country:us/state:ny/sldu:58
ocd-division/country:us/state:ny/sldu:59
ocd-division/country:us/state:ny/sldu:60
ocd-division/country:us/state:ny/sldu:61
ocd-division/country:us/state:ny/sldu:62
ocd-division/country:us/state:ny/sldu:63
ocd-division/country:us/state:nc/sldu:1
ocd-division/country:us/state:nc/sldu:2
ocd-division/country:us/state:nc/sldu:3
ocd-division/country:us/state:nc/sldu:4
ocd-division/country:us/state:nc/sldu:5
ocd-division/country:us/state:nc/sldu:6
ocd-division/country:us/state:nc/sldu:7
ocd-division/country:us/state:nc/sldu:8
ocd-division/country:us/state:nc/sldu:9
ocd-division/country:us/state:nc/sldu:10
ocd-division/country:us/state:nc/sldu:11
ocd-division/country:us/state:nc/sldu:12
ocd-division/country:us/state:nc/sldu:13
ocd-division/country:us/state:nc/sldu:14
ocd-division/country:us/state:nc/sldu:15
ocd-division/country:us/state:nc/sldu:16
ocd-division/country:us/state:nc/sldu:17
ocd-division/country:us/state:nc/sldu:18
ocd-division/country:us/state:nc/sldu:19
ocd-division/country:us/state:nc/sldu:20
ocd-division/country:us/state:nc/sldu:21
ocd-division/country:us/state:nc/sldu:22
ocd-division/country:us/state:nc/sldu:23
ocd-division/country:us/state:nc/sldu:24
ocd-division/country:us/state:nc/sldu:25
ocd-division/country:us/state:nc/sldu:26
ocd-division/country:us/state:nc/sldu:27
ocd-division/country:us/state:nc/sldu:28
ocd-division/country:us/state:nc/sldu:29
ocd-division/country:us/state:nc/sldu:30
ocd-division/country:us/state:nc/sldu:31
ocd-division/country:us/state:nc/sldu:32
ocd-division/country:us/state:nc/sldu:33
ocd-division/country:us/state:nc/sldu:34
ocd-division/country:us/state:nc/sldu:35
ocd-division/country:us/state:nc/sldu:36
ocd-division/country:us/state:nc/sldu:37
ocd-division/country:us/state:nc/sldu:38
ocd-division/country:us/state:nc/sldu:39
ocd-division/country:us/state:nc/sldu:40
ocd-division/country:us/state:nc/sldu:41
ocd-division/country:us/state:nc/sldu:42
ocd-division/country:us/state:nc/sldu:43
ocd-division/country:us/state:nc/sldu:44
ocd-division/country:us/state:nc/sldu:45
ocd-division/country:us/state:nc/sldu:46
ocd-division/country:us/state:nc/sldu:47
ocd-division/country:us/state:nc/sldu:48
ocd-division/country:us/state:nc/sldu:49
ocd-division/country:us/state:nc/sldu:50
ocd-division/country:us/state:nd/sldu:1,,,legislatorUpperBody
ocd-division/country:us/state:nd/sldu:2,,,legislatorUpperBody
ocd-division/country:us/state:nd/sldu:3,,,legislatorUpperBody
ocd-division/country:us/state:nd/sldu:4,,,legislatorUpperBody
ocd-division/country:us/state:nd/sldu:5,,,legislatorUpperBody
ocd-division/country:us/state:nd/sldu:6,,,legislatorUpperBody
ocd-division/country:us/state:nd/sldu:7,,,legislatorUpperBody
ocd-division/country:us/state:nd/sldu:8,,,legislatorUpperBody
ocd-division/country:us/state:nd/sldu:9,,,legislatorUpperBody
ocd-division/country:us/state:nd/sldu:10,,,legislatorUpperBody
ocd-division/country:us/state:nd/sldu:11,,,legislatorUpperBody
ocd-division/country:us/state:nd/sldu:12,,,legislatorUpperBody
ocd-division/country:us/state:nd/sldu:13,,,legislatorUpperBody
ocd-division/country:us/state:nd/sldu:14,,,legislatorUpperBody
ocd-division/country:us/state:nd/sldu:15,,,legislatorUpperBody
ocd-division/country:us/state:nd/sldu:16,,,legislatorUpperBody
ocd-division/country:us/state:nd/sldu:17,,,legislatorUpperBody
ocd-division/country:us/state:nd/sldu:18,,,legislatorUpperBody
ocd-division/country:us/state:nd/sldu:19,,,legislatorUpperBody
ocd-division/country:us/state:nd/sldu:20,,,legislatorUpperBody
ocd-division/country:us/state:nd/sldu:21,,,legislatorUpperBody
ocd-division/country:us/state:nd/sldu:22,,,legislatorUpperBody
ocd-division/country:us/state:nd/sldu:23,,,legislatorUpperBody
ocd-division/country:us/state:nd/sldu:24,,,legislatorUpperBody
ocd-division/country:us/state:nd/sldu:25,,,legislatorUpperBody
ocd-division/country:us/state:nd/sldu:26,,,legislatorUpperBody
ocd-division/country:us/state:nd/sldu:27,,,legislatorUpperBody
ocd-division/country:us/state:nd/sldu:28,,,legislatorUpperBody
ocd-division/country:us/state:nd/sldu:29,,,legislatorUpperBody
ocd-division/country:us/state:nd/sldu:30,,,legislatorUpperBody
ocd-division/country:us/state:nd/sldu:31,,,legislatorUpperBody
ocd-division/country:us/state:nd/sldu:32,,,legislatorUpperBody
ocd-division/country:us/state:nd/sldu:33,,,legislatorUpperBody
ocd-division/country:us/state:nd/sldu:34,,,legislatorUpperBody
ocd-division/country:us/state:nd/sldu:35,,,legislatorUpperBody
ocd-division/country:us/state:nd/sldu:36,,,legislatorUpperBody
ocd-division/country:us/state:nd/sldu:37,,,legislatorUpperBody
ocd-division/country:us/state:nd/sldu:38,,,legislatorUpperBody
ocd-division/country:us/state:nd/sldu:39,,,legislatorUpperBody
ocd-division/country:us/state:nd/sldu:40,,,legislatorUpperBody
ocd-division/country:us/state:nd/sldu:41,,,legislatorUpperBody
ocd-division/country:us/state:nd/sldu:42,,,legislatorUpperBody
ocd-division/country:us/state:nd/sldu:43,,,legislatorUpperBody
ocd-division/country:us/state:nd/sldu:44,,,legislatorUpperBody
ocd-division/country:us/state:nd/sldu:45,,,legislatorUpperBody
ocd-division/country:us/state:nd/sldu:46,,,legislatorUpperBody
ocd-division/country:us/state:nd/sldu:47,,,legislatorUpperBody
ocd-division/country:us/state:oh/sldu:1
ocd-division/country:us/state:oh/sldu:2
ocd-division/country:us/state:oh/sldu:3
ocd-division/country:us/state:oh/sldu:4
ocd-division/country:us/state:oh/sldu:5
ocd-division/country:us/state:oh/sldu:6
ocd-division/country:us/state:oh/sldu:7
ocd-division/country:us/state:oh/sldu:8
ocd-division/country:us/state:oh/sldu:9
ocd-division/country:us/state:oh/sldu:10
ocd-division/country:us/state:oh/sldu:11
ocd-division/country:us/state:oh/sldu:12
ocd-division/country:us/state:oh/sldu:13
ocd-division/country:us/state:oh/sldu:14
ocd-division/country:us/state:oh/sldu:15
ocd-division/country:us/state:oh/sldu:16
ocd-division/country:us/state:oh/sldu:17
ocd-division/country:us/state:oh/sldu:18
ocd-division/country:us/state:oh/sldu:19
ocd-division/country:us/state:oh/sldu:20
ocd-division/country:us/state:oh/sldu:21
ocd-division/country:us/state:oh/sldu:22
ocd-division/country:us/state:oh/sldu:23
ocd-division/country:us/state:oh/sldu:24
ocd-division/country:us/state:oh/sldu:25
ocd-division/country:us/state:oh/sldu:26
ocd-division/country:us/state:oh/sldu:27
ocd-division/country:us/state:oh/sldu:28
ocd-division/country:us/state:oh/sldu:29
ocd-division/country:us/state:oh/sldu:30
ocd-division/country:us/state:oh/sldu:31
ocd-division/country:us/state:oh/sldu:32
ocd-division/country:us/state:oh/sldu:33
ocd-division/country:us/state:ok/sldu:1
ocd-division/country:us/state:ok/sldu:2
ocd-division/country:us/state:ok/sldu:3
ocd-division/country:us/state:ok/sldu:4
ocd-division/country:us/state:ok/sldu:5
ocd-division/country:us/state:ok/sldu:6
ocd-division/country:us/state:ok/sldu:7
ocd-division/country:us/state:ok/sldu:8
ocd-division/country:us/state:ok/sldu:9
ocd-division/country:us/state:ok/sldu:10
ocd-division/country:us/state:ok/sldu:11
ocd-division/country:us/state:ok/sldu:12
ocd-division/country:us/state:ok/sldu:13
ocd-division/country:us/state:ok/sldu:14
ocd-division/country:us/state:ok/sldu:15
ocd-division/country:us/state:ok/sldu:16
ocd-division/country:us/state:ok/sldu:17
ocd-division/country:us/state:ok/sldu:18
ocd-division/country:us/state:ok/sldu:19
ocd-division/country:us/state:ok/sldu:20
ocd-division/country:us/state:ok/sldu:21
ocd-division/country:us/state:ok/sldu:22
ocd-division/country:us/state:ok/sldu:23
ocd-division/country:us/state:ok/sldu:24
ocd-division/country:us/state:ok/sldu:25
ocd-division/country:us/state:ok/sldu:26
ocd-division/country:us/state:ok/sldu:27
ocd-division/country:us/state:ok/sldu:28
ocd-division/country:us/state:ok/sldu:29
ocd-division/country:us/state:ok/sldu:30
ocd-division/country:us/state:ok/sldu:31
ocd-division/country:us/state:ok/sldu:32
ocd-division/country:us/state:ok/sldu:33
ocd-division/country:us/state:ok/sldu:34
ocd-division/country:us/state:ok/sldu:35
ocd-division/country:us/state:ok/sldu:36
ocd-division/country:us/state:ok/sldu:37
ocd-division/country:us/state:ok/sldu:38
ocd-division/country:us/state:ok/sldu:39
ocd-division/country:us/state:ok/sldu:40
ocd-division/country:us/state:ok/sldu:41
ocd-division/country:us/state:ok/sldu:42
ocd-division/country:us/state:ok/sldu:43
ocd-division/country:us/state:ok/sldu:44
ocd-division/country:us/state:ok/sldu:45
ocd-division/country:us/state:ok/sldu:46
ocd-division/country:us/state:ok/sldu:47
ocd-division/country:us/state:ok/sldu:48
ocd-division/country:us/state:or/sldu:1
ocd-division/country:us/state:or/sldu:2
ocd-division/country:us/state:or/sldu:3
ocd-division/country:us/state:or/sldu:4
ocd-division/country:us/state:or/sldu:5
ocd-division/country:us/state:or/sldu:6
ocd-division/country:us/state:or/sldu:7
ocd-division/country:us/state:or/sldu:8
ocd-division/country:us/state:or/sldu:9
ocd-division/country:us/state:or/sldu:10
ocd-division/country:us/state:or/sldu:11
ocd-division/country:us/state:or/sldu:12
ocd-division/country:us/state:or/sldu:13
ocd-division/country:us/state:or/sldu:14
ocd-division/country:us/state:or/sldu:15
ocd-division/country:us/state:or/sldu:16
ocd-division/country:us/state:or/sldu:17
ocd-division/country:us/state:or/sldu:18
ocd-division/country:us/state:or/sldu:19
ocd-division/country:us/state:or/sldu:20
ocd-division/country:us/state:or/sldu:21
ocd-division/country:us/state:or/sldu:22
ocd-division/country:us/state:or/sldu:23
ocd-division/country:us/state:or/sldu:24
ocd-division/country:us/state:or/sldu:25
ocd-division/country:us/state:or/sldu:26
ocd-division/country:us/state:or/sldu:27
ocd-division/country:us/state:or/sldu:28
ocd-division/country:us/state:or/sldu:29
ocd-division/country:us/state:or/sldu:30
ocd-division/country:us/state:pa/sldu:1
ocd-division/country:us/state:pa/sldu:2
ocd-division/country:us/state:pa/sldu:3
ocd-division/country:us/state:pa/sldu:4
ocd-division/country:us/state:pa/sldu:5
ocd-division/country:us/state:pa/sldu:6
ocd-division/country:us/state:pa/sldu:7
ocd-division/country:us/state:pa/sldu:8
ocd-division/country:us/state:pa/sldu:9
ocd-division/country:us/state:pa/sldu:10
ocd-division/country:us/state:pa/sldu:11
ocd-division/country:us/state:pa/sldu:12
ocd-division/country:us/state:pa/sldu:13
ocd-division/country:us/state:pa/sldu:14
ocd-division/country:us/state:pa/sldu:15
ocd-division/country:us/state:pa/sldu:16
ocd-division/country:us/state:pa/sldu:17
ocd-division/country:us/state:pa/sldu:18
ocd-division/country:us/state:pa/sldu:19
ocd-division/country:us/state:pa/sldu:20
ocd-division/country:us/state:pa/sldu:21
ocd-division/country:us/state:pa/sldu:22
ocd-division/country:us/state:pa/sldu:23
ocd-division/country:us/state:pa/sldu:24
ocd-division/country:us/state:pa/sldu:25
ocd-division/country:us/state:pa/sldu:26
ocd-division/country:us/state:pa/sldu:27
ocd-division/country:us/state:pa/sldu:28
ocd-division/country:us/state:pa/sldu:29
ocd-division/country:us/state:pa/sldu:30
ocd-division/country:us/state:pa/sldu:31
ocd-division/country:us/state:pa/sldu:32
ocd-division/country:us/state:pa/sldu:33
ocd-division/country:us/state:pa/sldu:34
ocd-division/country:us/state:pa/sldu:35
ocd-division/country:us/state:pa/sldu:36
ocd-division/country:us/state:pa/sldu:37
ocd-division/country:us/state:pa/sldu:38
ocd-division/country:us/state:pa/sldu:39
ocd-division/country:us/state:pa/sldu:40
ocd-division/country:us/state:pa/sldu:41
ocd-division/country:us/state:pa/sldu:42
ocd-division/country:us/state:pa/sldu:43
ocd-division/country:us/state:pa/sldu:44
ocd-division/country:us/state:pa/sldu:45
ocd-division/country:us/state:pa/sldu:46
ocd-division/country:us/state:pa/sldu:47
ocd-division/country:us/state:pa/sldu:48
ocd-division/country:us/state:pa/sldu:49
ocd-division/country:us/state:pa/sldu:50
ocd-division/country:us/state:ri/sldu:1
ocd-division/country:us/state:ri/sldu:2
ocd-division/country:us/state:ri/sldu:3
ocd-division/country:us/state:ri/sldu:4
ocd-division/country:us/state:ri/sldu:5
ocd-division/country:us/state:ri/sldu:6
ocd-division/country:us/state:ri/sldu:7
ocd-division/country:us/state:ri/sldu:8
ocd-division/country:us/state:ri/sldu:9
ocd-division/country:us/state:ri/sldu:10
ocd-division/country:us/state:ri/sldu:11
ocd-division/country:us/state:ri/sldu:12
ocd-division/country:us/state:ri/sldu:13
ocd-division/country:us/state:ri/sldu:14
ocd-division/country:us/state:ri/sldu:15
ocd-division/country:us/state:ri/sldu:16
ocd-division/country:us/state:ri/sldu:17
ocd-division/country:us/state:ri/sldu:18
ocd-division/country:us/state:ri/sldu:19
ocd-division/country:us/state:ri/sldu:20
ocd-division/country:us/state:ri/sldu:21
ocd-division/country:us/state:ri/sldu:22
ocd-division/country:us/state:ri/sldu:23
ocd-division/country:us/state:ri/sldu:24
ocd-division/country:us/state:ri/sldu:25
ocd-division/country:us/state:ri/sldu:26
ocd-division/country:us/state:ri/sldu:27
ocd-division/country:us/state:ri/sldu:28
ocd-division/country:us/state:ri/sldu:29
ocd-division/country:us/state:ri/sldu:30
ocd-division/country:us/state:ri/sldu:31
ocd-division/country:us/state:ri/sldu:32
ocd-division/country:us/state:ri/sldu:33
ocd-division/country:us/state:ri/sldu:34
ocd-division/country:us/state:ri/sldu:35
ocd-division/country:us/state:ri/sldu:36
ocd-division/country:us/state:ri/sldu:37
ocd-division/country:us/state:ri/sldu:38
ocd-division/country:us/state:sc/sldu:1
ocd-division/country:us/state:sc/sldu:2
ocd-division/country:us/state:sc/sldu:3
ocd-division/country:us/state:sc/sldu:4
ocd-division/country:us/state:sc/sldu:5
ocd-division/country:us/state:sc/sldu:6
ocd-division/country:us/state:sc/sldu:7
ocd-division/country:us/state:sc/sldu:8
ocd-division/country:us/state:sc/sldu:9
ocd-division/country:us/state:sc/sldu:10
ocd-division/country:us/state:sc/sldu:11
ocd-division/country:us/state:sc/sldu:12
ocd-division/country:us/state:sc/sldu:13
ocd-division/country:us/state:sc/sldu:14
ocd-division/country:us/state:sc/sldu:15
ocd-division/country:us/state:sc/sldu:16
ocd-division/country:us/state:sc/sldu:17
ocd-division/country:us/state:sc/sldu:18
ocd-division/country:us/state:sc/sldu:19
ocd-division/country:us/state:sc/sldu:20
ocd-division/country:us/state:sc/sldu:21
ocd-division/country:us/state:sc/sldu:22
ocd-division/country:us/state:sc/sldu:23
ocd-division/country:us/state:sc/sldu:24
ocd-division/country:us/state:sc/sldu:25
ocd-division/country:us/state:sc/sldu:26
ocd-division/country:us/state:sc/sldu:27
ocd-division/country:us/state:sc/sldu:28
ocd-division/country:us/state:sc/sldu:29
ocd-division/country:us/state:sc/sldu:30
ocd-division/country:us/state:sc/sldu:31
ocd-division/country:us/state:sc/sldu:32
ocd-division/country:us/state:sc/sldu:33
ocd-division/country:us/state:sc/sldu:34
ocd-division/country:us/state:sc/sldu:35
ocd-division/country:us/state:sc/sldu:36
ocd-division/country:us/state:sc/sldu:37
ocd-division/country:us/state:sc/sldu:38
ocd-division/country:us/state:sc/sldu:39
ocd-division/country:us/state:sc/sldu:40
ocd-division/country:us/state:sc/sldu:41
ocd-division/country:us/state:sc/sldu:42
ocd-division/country:us/state:sc/sldu:43
ocd-division/country:us/state:sc/sldu:44
ocd-division/country:us/state:sc/sldu:45
ocd-division/country:us/state:sc/sldu:46
ocd-division/country:us/state:sd/sldu:1,,,legislatorUpperBody
ocd-division/country:us/state:sd/sldu:2,,,legislatorUpperBody
ocd-division/country:us/state:sd/sldu:3,,,legislatorUpperBody
ocd-division/country:us/state:sd/sldu:4,,,legislatorUpperBody
ocd-division/country:us/state:sd/sldu:5,,,legislatorUpperBody
ocd-division/country:us/state:sd/sldu:6,,,legislatorUpperBody
ocd-division/country:us/state:sd/sldu:7,,,legislatorUpperBody
ocd-division/country:us/state:sd/sldu:8,,,legislatorUpperBody
ocd-division/country:us/state:sd/sldu:9,,,legislatorUpperBody
ocd-division/country:us/state:sd/sldu:10,,,legislatorUpperBody
ocd-division/country:us/state:sd/sldu:11,,,legislatorUpperBody
ocd-division/country:us/state:sd/sldu:12,,,legislatorUpperBody
ocd-division/country:us/state:sd/sldu:13,,,legislatorUpperBody
ocd-division/country:us/state:sd/sldu:14,,,legislatorUpperBody
ocd-division/country:us/state:sd/sldu:15,,,legislatorUpperBody
ocd-division/country:us/state:sd/sldu:16,,,legislatorUpperBody
ocd-division/country:us/state:sd/sldu:17,,,legislatorUpperBody
ocd-division/country:us/state:sd/sldu:18,,,legislatorUpperBody
ocd-division/country:us/state:sd/sldu:19,,,legislatorUpperBody
ocd-division/country:us/state:sd/sldu:20,,,legislatorUpperBody
ocd-division/country:us/state:sd/sldu:21,,,legislatorUpperBody
ocd-division/country:us/state:sd/sldu:22,,,legislatorUpperBody
ocd-division/country:us/state:sd/sldu:23,,,legislatorUpperBody
ocd-division/country:us/state:sd/sldu:24,,,legislatorUpperBody
ocd-division/country:us/state:sd/sldu:25,,,legislatorUpperBody
ocd-division/country:us/state:sd/sldu:26,,,legislatorUpperBody
ocd-division/country:us/state:sd/sldu:27,,,legislatorUpperBody
ocd-division/country:us/state:sd/sldu:28,,,legislatorUpperBody
ocd-division/country:us/state:sd/sldu:29,,,legislatorUpperBody
ocd-division/country:us/state:sd/sldu:30,,,legislatorUpperBody
ocd-division/country:us/state:sd/sldu:31,,,legislatorUpperBody
ocd-division/country:us/state:sd/sldu:32,,,legislatorUpperBody
ocd-division/country:us/state:sd/sldu:33,,,legislatorUpperBody
ocd-division/country:us/state:sd/sldu:34,,,legislatorUpperBody
ocd-division/country:us/state:sd/sldu:35,,,legislatorUpperBody
ocd-division/country:us/state:tn/sldu:1
ocd-division/country:us/state:tn/sldu:2
ocd-division/country:us/state:tn/sldu:3
ocd-division/country:us/state:tn/sldu:4
ocd-division/country:us/state:tn/sldu:5
ocd-division/country:us/state:tn/sldu:6
ocd-division/country:us/state:tn/sldu:7
ocd-division/country:us/state:tn/sldu:8
ocd-division/country:us/state:tn/sldu:9
ocd-division/country:us/state:tn/sldu:10
ocd-division/country:us/state:tn/sldu:11
ocd-division/country:us/state:tn/sldu:12
ocd-division/country:us/state:tn/sldu:13
ocd-division/country:us/state:tn/sldu:14
ocd-division/country:us/state:tn/sldu:15
ocd-division/country:us/state:tn/sldu:16
ocd-division/country:us/state:tn/sldu:17
ocd-division/country:us/state:tn/sldu:18
ocd-division/country:us/state:tn/sldu:19
ocd-division/country:us/state:tn/sldu:20
ocd-division/country:us/state:tn/sldu:21
ocd-division/country:us/state:tn/sldu:22
ocd-division/country:us/state:tn/sldu:23
ocd-division/country:us/state:tn/sldu:24
ocd-division/country:us/state:tn/sldu:25
ocd-division/country:us/state:tn/sldu:26
ocd-division/country:us/state:tn/sldu:27
ocd-division/country:us/state:tn/sldu:28
ocd-division/country:us/state:tn/sldu:29
ocd-division/country:us/state:tn/sldu:30
ocd-division/country:us/state:tn/sldu:31
ocd-division/country:us/state:tn/sldu:32
ocd-division/country:us/state:tn/sldu:33
ocd-division/country:us/state:tx/sldu:1
ocd-division/country:us/state:tx/sldu:2
ocd-division/country:us/state:tx/sldu:3
ocd-division/country:us/state:tx/sldu:4
ocd-division/country:us/state:tx/sldu:5
ocd-division/country:us/state:tx/sldu:6
ocd-division/country:us/state:tx/sldu:7
ocd-division/country:us/state:tx/sldu:8
ocd-division/country:us/state:tx/sldu:9
ocd-division/country:us/state:tx/sldu:10
ocd-division/country:us/state:tx/sldu:11
ocd-division/country:us/state:tx/sldu:12
ocd-division/country:us/state:tx/sldu:13
ocd-division/country:us/state:tx/sldu:14
ocd-division/country:us/state:tx/sldu:15
ocd-division/country:us/state:tx/sldu:16
ocd-division/country:us/state:tx/sldu:17
ocd-division/country:us/state:tx/sldu:18
ocd-division/country:us/state:tx/sldu:19
ocd-division/country:us/state:tx/sldu:20
ocd-division/country:us/state:tx/sldu:21
ocd-division/country:us/state:tx/sldu:22
ocd-division/country:us/state:tx/sldu:23
ocd-division/country:us/state:tx/sldu:24
ocd-division/country:us/state:tx/sldu:25
ocd-division/country:us/state:tx/sldu:26
ocd-division/country:us/state:tx/sldu:27
ocd-division/country:us/state:tx/sldu:28
ocd-division/country:us/state:tx/sldu:29
ocd-division/country:us/state:tx/sldu:30
ocd-division/country:us/state:tx/sldu:31
ocd-division/country:us/state:ut/sldu:1
ocd-division/country:us/state:ut/sldu:2
ocd-division/country:us/state:ut/sldu:3
ocd-division/country:us/state:ut/sldu:4
ocd-division/country:us/state:ut/sldu:5
ocd-division/country:us/state:ut/sldu:6
ocd-division/country:us/state:ut/sldu:7
ocd-division/country:us/state:ut/sldu:8
ocd-division/country:us/state:ut/sldu:9
ocd-division/country:us/state:ut/sldu:10
ocd-division/country:us/state:ut/sldu:11
ocd-division/country:us/state:ut/sldu:12
ocd-division/country:us/state:ut/sldu:13
ocd-division/country:us/state:ut/sldu:14
ocd-division/country:us/state:ut/sldu:15
ocd-division/country:us/state:ut/sldu:16
ocd-division/country:us/state:ut/sldu:17
ocd-division/country:us/state:ut/sldu:18
ocd-division/country:us/state:ut/sldu:19
ocd-division/country:us/state:ut/sldu:20
ocd-division/country:us/state:ut/sldu:21
ocd-division/country:us/state:ut/sldu:22
ocd-division/country:us/state:ut/sldu:23
ocd-division/country:us/state:ut/sldu:24
ocd-division/country:us/state:ut/sldu:25
ocd-division/country:us/state:ut/sldu:26
ocd-division/country:us/state:ut/sldu:27
ocd-division/country:us/state:ut/sldu:28
ocd-division/country:us/state:ut/sldu:29
ocd-division/country:us/state:vt/sldu:addison
ocd-division/country:us/state:vt/sldu:bennington
ocd-division/country:us/state:vt/sldu:caledonia
ocd-division/country:us/state:vt/sldu:grand_isle
ocd-division/country:us/state:vt/sldu:chittenden_north
ocd-division/country:us/state:vt/sldu:chittenden_central
ocd-division/country:us/state:vt/sldu:chittenden_southeast
ocd-division/country:us/state:vt/sldu:essex
ocd-division/country:us/state:vt/sldu:orleans
ocd-division/country:us/state:vt/sldu:franklin
ocd-division/country:us/state:vt/sldu:lamoille
ocd-division/country:us/state:vt/sldu:orange
ocd-division/country:us/state:vt/sldu:rutland
ocd-division/country:us/state:vt/sldu:washington
ocd-division/country:us/state:vt/sldu:windham
ocd-division/country:us/state:vt/sldu:windsor
ocd-division/country:us/state:va/sldu:1
ocd-division/country:us/state:va/sldu:2
ocd-division/country:us/state:va/sldu:3
ocd-division/country:us/state:va/sldu:4
ocd-division/country:us/state:va/sldu:5
ocd-division/country:us/state:va/sldu:6
ocd-division/country:us/state:va/sldu:7
ocd-division/country:us/state:va/sldu:8
ocd-division/country:us/state:va/sldu:9
ocd-division/country:us/state:va/sldu:10
ocd-division/country:us/state:va/sldu:11
ocd-division/country:us/state:va/sldu:12
ocd-division/country:us/state:va/sldu:13
ocd-division/country:us/state:va/sldu:14
ocd-division/country:us/state:va/sldu:15
ocd-division/country:us/state:va/sldu:16
ocd-division/country:us/state:va/sldu:17
ocd-division/country:us/state:va/sldu:18
ocd-division/country:us/state:va/sldu:19
ocd-division/country:us/state:va/sldu:20
ocd-division/country:us/state:va/sldu:21
ocd-division/country:us/state:va/sldu:22
ocd-division/country:us/state:va/sldu:23
ocd-division/country:us/state:va/sldu:24
ocd-division/country:us/state:va/sldu:25
ocd-division/country:us/state:va/sldu:26
ocd-division/country:us/state:va/sldu:27
ocd-division/country:us/state:va/sldu:28
ocd-division/country:us/state:va/sldu:29
ocd-division/country:us/state:va/sldu:30
ocd-division/country:us/state:va/sldu:31
ocd-division/country:us/state:va/sldu:32
ocd-division/country:us/state:va/sldu:33
ocd-division/country:us/state:va/sldu:34
ocd-division/country:us/state:va/sldu:35
ocd-division/country:us/state:va/sldu:36
ocd-division/country:us/state:va/sldu:37
ocd-division/country:us/state:va/sldu:38
ocd-division/country:us/state:va/sldu:39
ocd-division/country:us/state:va/sldu:40
ocd-division/country:us/state:wa/sldu:1,,,legislatorUpperBody
ocd-division/country:us/state:wa/sldu:2,,,legislatorUpperBody
ocd-division/country:us/state:wa/sldu:3,,,legislatorUpperBody
ocd-division/country:us/state:wa/sldu:4,,,legislatorUpperBody
ocd-division/country:us/state:wa/sldu:5,,,legislatorUpperBody
ocd-division/country:us/state:wa/sldu:6,,,legislatorUpperBody
ocd-division/country:us/state:wa/sldu:7,,,legislatorUpperBody
ocd-division/country:us/state:wa/sldu:8,,,legislatorUpperBody
ocd-division/country:us/state:wa/sldu:9,,,legislatorUpperBody
ocd-division/country:us/state:wa/sldu:10,,,legislatorUpperBody
ocd-division/country:us/state:wa/sldu:11,,,legislatorUpperBody
ocd-division/country:us/state:wa/sldu:12,,,legislatorUpperBody
ocd-division/country:us/state:wa/sldu:13,,,legislatorUpperBody
ocd-division/country:us/state:wa/sldu:14,,,legislatorUpperBody
ocd-division/country:us/state:wa/sldu:15,,,legislatorUpperBody
ocd-division/country:us/state:wa/sldu:16,,,legislatorUpperBody
ocd-division/country:us/state:wa/sldu:17,,,legislatorUpperBody
ocd-division/country:us/state:wa/sldu:18,,,legislatorUpperBody
ocd-division/country:us/state:wa/sldu:19,,,legislatorUpperBody
ocd-division/country:us/state:wa/sldu:20,,,legislatorUpperBody
ocd-division/country:us/state:wa/sldu:21,,,legislatorUpperBody
ocd-division/country:us/state:wa/sldu:22,,,legislatorUpperBody
ocd-division/country:us/state:wa/sldu:23,,,legislatorUpperBody
ocd-division/country:us/state:wa/sldu:24,,,legislatorUpperBody
ocd-division/country:us/state:wa/sldu:25,,,legislatorUpperBody
ocd-division/country:us/state:wa/sldu:26,,,legislatorUpperBody
ocd-division/country:us/state:wa/sldu:27,,,legislatorUpperBody
ocd-division/country:us/state:wa/sldu:28,,,legislatorUpperBody
ocd-division/country:us/state:wa/sldu:29,,,legislatorUpperBody
ocd-division/country:us/state:wa/sldu:30,,,legislatorUpperBody
ocd-division/country:us/state:wa/sldu:31,,,legislatorUpperBody
ocd-division/country:us/state:wa/sldu:32,,,legislatorUpperBody
ocd-division/country:us/state:wa/sldu:33,,,legislatorUpperBody
ocd-division/country:us/state:wa/sldu:34,,,legislatorUpperBody
ocd-division/country:us/state:wa/sldu:35,,,legislatorUpperBody
ocd-division/country:us/state:wa/sldu:36,,,legislatorUpperBody
ocd-division/country:us/state:wa/sldu:37,,,legislatorUpperBody
ocd-division/country:us/state:wa/sldu:38,,,legislatorUpperBody
ocd-division/country:us/state:wa/sldu:39,,,legislatorUpperBody
ocd-division/country:us/state:wa/sldu:40,,,legislatorUpperBody
ocd-division/country:us/state:wa/sldu:41,,,legislatorUpperBody
ocd-division/country:us/state:wa/sldu:42,,,legislatorUpperBody
ocd-division/country:us/state:wa/sldu:43,,,legislatorUpperBody
ocd-division/country:us/state:wa/sldu:44,,,legislatorUpperBody
ocd-division/country:us/state:wa/sldu:45,,,legislatorUpperBody
ocd-division/country:us/state:wa/sldu:46,,,legislatorUpperBody
ocd-division/country:us/state:wa/sldu:47,,,legislatorUpperBody
ocd-division/country:us/state:wa/sldu:48,,,legislatorUpperBody
ocd-division/country:us/state:wa/sldu:49,,,legislatorUpperBody
ocd-division/country:us/state:wv/sldu:1
ocd-division/country:us/state:wv/sldu:2
ocd-division/country:us/state:wv/sldu:3
ocd-division/country:us/state:wv/sldu:4
ocd-division/country:us/state:wv/sldu:5
ocd-division/country:us/state:wv/sldu:6
ocd-division/country:us/state:wv/sldu:7
ocd-division/country:us/state:wv/sldu:8
ocd-division/country:us/state:wv/sldu:9
ocd-division/country:us/state:wv/sldu:10
ocd-division/country:us/state:wv/sldu:11
ocd-division/country:us/state:wv/sldu:12
ocd-division/country:us/state:wv/sldu:13
ocd-division/country:us/state:wv/sldu:14
ocd-division/country:us/state:wv/sldu:15
ocd-division/country:us/state:wv/sldu:16
ocd-division/country:us/state:wv/sldu:17
ocd-division/country:us/state:wi/sldu:1
ocd-division/country:us/state:wi/sldu:2
ocd-division/country:us/state:wi/sldu:3
ocd-division/country:us/state:wi/sldu:4
ocd-division/country:us/state:wi/sldu:5
ocd-division/country:us/state:wi/sldu:6
ocd-division/country:us/state:wi/sldu:7
ocd-division/country:us/state:wi/sldu:8
ocd-division/country:us/state:wi/sldu:9
ocd-division/country:us/state:wi/sldu:10
ocd-division/country:us/state:wi/sldu:11
ocd-division/country:us/state:wi/sldu:12
ocd-division/country:us/state:wi/sldu:13
ocd-division/country:us/state:wi/sldu:14
ocd-division/country:us/state:wi/sldu:15
ocd-division/country:us/state:wi/sldu:16
ocd-division/country:us/state:wi/sldu:17
ocd-division/country:us/state:wi/sldu:18
ocd-division/country:us/state:wi/sldu:19
ocd-division/country:us/state:wi/sldu:20
ocd-division/country:us/state:wi/sldu:21
ocd-division/country:us/state:wi/sldu:22
ocd-division/country:us/state:wi/sldu:23
ocd-division/country:us/state:wi/sldu:24
ocd-division/country:us/state:wi/sldu:25
ocd-division/country:us/state:wi/sldu:26
ocd-division/country:us/state:wi/sldu:27
ocd-division/country:us/state:wi/sldu:28
ocd-division/country:us/state:wi/sldu:29
ocd-division/country:us/state:wi/sldu:30
ocd-division/country:us/state:wi/sldu:31
ocd-division/country:us/state:wi/sldu:32
ocd-division/country:us/state:wi/sldu:33
ocd-division/country:us/state:wy/sldu:1
ocd-division/country:us/state:wy/sldu:2
ocd-division/country:us/state:wy/sldu:3
ocd-division/country:us/state:wy/sldu:4
ocd-division/country:us/state:wy/sldu:5
ocd-division/country:us/state:wy/sldu:6
ocd-division/country:us/state:wy/sldu:7
ocd-division/country:us/state:wy/sldu:8
ocd-division/country:us/state:wy/sldu:9
ocd-division/country:us/state:wy/sldu:10
ocd-division/country:us/state:wy/sldu:11
ocd-division/country:us/state:wy/sldu:12
ocd-division/country:us/state:wy/sldu:13
ocd-division/country:us/state:wy/sldu:14
ocd-division/country:us/state:wy/sldu:15
ocd-division/country:us/state:wy/sldu:16
ocd-division/country:us/state:wy/sldu:17
ocd-division/country:us/state:wy/sldu:18
ocd-division/country:us/state:wy/sldu:19
ocd-division/country:us/state:wy/sldu:20
ocd-division/country:us/state:wy/sldu:21
ocd-division/country:us/state:wy/sldu:22
ocd-division/country:us/state:wy/sldu:23
ocd-division/country:us/state:wy/sldu:24
ocd-division/country:us/state:wy/sldu:25
ocd-division/country:us/state:wy/sldu:26
ocd-division/country:us/state:wy/sldu:27
ocd-division/country:us/state:wy/sldu:28
ocd-division/country:us/state:wy/sldu:29
ocd-division/country:us/state:wy/sldu:30
ocd-division/country:us/state:wy/sldu:31